Month,District_State,MaxTemperature
2013-05,"KORBA, CHATISGARH",53.90600
2013-05,"JHARSUGUDA, ORISSA",53.29700
2013-05,"SIMDEGA, JHARKHAND",52.94450
2013-05,"DEOGARH, ORISSA",52.71700
2013-05,"SAMBALPUR, ORISSA",52.61500
2013-05,"SUNDARGARH, ORISSA",52.38900
2013-05,"SONEPUR, ORISSA",52.24400
2013-05,"JANJGIR, CHATISGARH",52.13800
2013-05,"CUTTACK, ORISSA",51.89400
2013-05,"DURG, CHATISGARH",51.76500
2009-07,"FARIDKOT, PUNJAB",50.51000
2009-07,"FEROZEPORE, PUNJAB",50.08900
2009-07,"BHATINDA, PUNJAB",49.72100
2009-07,"BARMER, RAJASTHAN",49.57500
2009-07,"GANGANAGAR, RAJASTHAN",49.43350
2009-07,"SANGRUR, PUNJAB",49.38300
2009-07,"LUDHIANA, PUNJAB",49.09400
2009-07,"PATIALA, PUNJAB",48.83950
2009-07,"KAITHAL, HARYANA",48.83650
2009-07,"HANUMANGARH, RAJASTHAN",48.72100
2002-11,"KAIRA/KHEDA, GUJARAT",38.74200
2002-11,"MEHSANA, GUJARAT",38.64000
2002-11,"DUNGARPUR, RAJASTHAN",38.45600
2002-11,"PATAN, GUJARAT",38.44400
2002-11,"SURENDRANAGAR, GUJARAT",38.36250
2002-11,"AHMEDABAD, GUJARAT",38.33800
2002-11,"SABARKANTHA, GUJARAT",38.32650
2002-11,"BANASKANTHA, GUJARAT",38.32300
2002-11,"BARMER, RAJASTHAN",38.31500
2002-11,"PANCH-MAHALS, GUJARAT",38.17200
2013-09,"BARMER, RAJASTHAN",44.16200
2013-09,"JALORE, RAJASTHAN",43.12050
2013-09,"SIRSA, HARYANA",42.23800
2013-09,"GANGANAGAR, RAJASTHAN",42.02700
2013-09,"HANUMANGARH, RAJASTHAN",41.83900
2013-09,"BIKANER, RAJASTHAN",41.76200
2013-09,"BHARATPUR, RAJASTHAN",41.76050
2013-09,"SAWAI MADHOPUR, RAJASTHAN",41.74800
2013-09,"VARANASI, UTTAR PRADESH",41.74250
2013-09,"BHABUA, BIHAR",41.58900
2007-05,"JANJGIR, CHATISGARH",52.66900
2007-05,"KORBA, CHATISGARH",52.37350
2007-05,"BILASPUR, CHATISGARH",51.21400
2007-05,"SIMDEGA, JHARKHAND",50.49250
2007-05,"GONDIA, MAHARASHTRA",50.48000
2007-05,"THIRUVALLUR, TAMILNADU",50.36700
2007-05,"CHENNAI, TAMILNADU",50.36700
2007-05,"BHANDARA, MAHARASHTRA",50.10800
2007-05,"DEWAS, MADHAYA PRADESH",49.99800
2007-05,"KOWARDHA, CHATISGARH",49.76900
2010-08,"SAMASTIPUR, BIHAR",44.94400
2010-08,"NALANDA, BIHAR",44.88700
2010-08,"BARMER, RAJASTHAN",44.79600
2010-08,"PATNA, BIHAR",44.77000
2010-08,"JAHANABAD, BIHAR",44.42000
2010-08,"GANGANAGAR, RAJASTHAN",44.34250
2010-08,"BEGUSARAI, BIHAR",44.27400
2010-08,"FEROZEPORE, PUNJAB",44.26600
2010-08,"FARIDKOT, PUNJAB",43.57200
2010-08,"KHAGARIA, BIHAR",43.54900
2008-02,"SANGLI, MAHARASHTRA",39.60100
2008-02,"DUNGARPUR, RAJASTHAN",39.33500
2008-02,"SURAT, GUJARAT",39.14800
2008-02,"DOHAD, GUJARAT",39.09300
2008-02,"KHAMMAM, TELANGANA",38.98850
2008-02,"JHABUA, MADHAYA PRADESH",38.84600
2008-02,"PANCH-MAHALS, GUJARAT",38.84450
2008-02,"SABARKANTHA, GUJARAT",38.61150
2008-02,"NORTH GOA, GOA",38.56000
2008-02,"BANSWARA, RAJASTHAN",38.50400
2009-01,"EAST GODAVARI, ANDHRA PRADESH",38.88300
2009-01,"MALKANGIRI, ORISSA",38.78500
2009-01,"HAVERI, KARNATAKA",38.34500
2009-01,"DANTEWARA, CHATISGARH",38.20200
2009-01,"CHANDRAPUR, MAHARASHTRA",38.08550
2009-01,"BARGARH, ORISSA",38.01650
2009-01,"BALASORE, ORISSA",37.97500
2009-01,"SONEPUR, ORISSA",37.89650
2009-01,"JAJPUR, ORISSA",37.70500
2009-01,"GADCHIROLI, MAHARASHTRA",37.69850
2005-07,"GANGANAGAR, RAJASTHAN",49.13600
2005-07,"FEROZEPORE, PUNJAB",47.61300
2005-07,"FARIDKOT, PUNJAB",47.61300
2005-07,"BIKANER, RAJASTHAN",46.56100
2005-07,"HANUMANGARH, RAJASTHAN",46.38600
2005-07,"SIRSA, HARYANA",46.38600
2005-07,"AMRITSAR, PUNJAB",46.37200
2005-07,"BHATINDA, PUNJAB",46.26600
2005-07,"SANGRUR, PUNJAB",45.30200
2005-07,"LUDHIANA, PUNJAB",44.23750
2005-09,"FARIDKOT, PUNJAB",48.81600
2005-09,"FEROZEPORE, PUNJAB",48.45300
2005-09,"HANUMANGARH, RAJASTHAN",47.31000
2005-09,"SIRSA, HARYANA",47.31000
2005-09,"BHATINDA, PUNJAB",46.76800
2005-09,"AMRITSAR, PUNJAB",46.73550
2005-09,"SANGRUR, PUNJAB",46.71000
2005-09,"LUDHIANA, PUNJAB",45.98100
2005-09,"GANGANAGAR, RAJASTHAN",45.95550
2005-09,"HISSAR, HARYANA",45.73900
2000-05,"JHARSUGUDA, ORISSA",52.82800
2000-05,"BILASPUR, CHATISGARH",51.65700
2000-05,"SAMBALPUR, ORISSA",51.48300
2000-05,"SUNDARGARH, ORISSA",51.41900
2000-05,"GONDIA, MAHARASHTRA",51.21500
2000-05,"SIMDEGA, JHARKHAND",51.16700
2000-05,"RAIGARH, CHATISGARH",51.09500
2000-05,"KORBA, CHATISGARH",51.03550
2000-05,"KOWARDHA, CHATISGARH",50.93700
2000-05,"SONEPUR, ORISSA",50.82050
2001-12,"NORTH GOA, GOA",36.95100
2001-12,"SURAT, GUJARAT",36.10400
2001-12,"NANDURBAR, MAHARASHTRA",34.87700
2001-12,"JHABUA, MADHAYA PRADESH",34.71350
2001-12,"DANGS, GUJARAT",34.68300
2001-12,"BARODA, GUJARAT",34.64750
2001-12,"RAJKOT, GUJARAT",34.62100
2001-12,"AHMEDABAD, GUJARAT",34.60700
2001-12,"MEHSANA, GUJARAT",34.57100
2001-12,"PATAN, GUJARAT",34.55500
2013-12,"DANGS, GUJARAT",35.24100
2013-12,"SIVAGANGA, TAMILNADU",34.47500
2013-12,"KODAGU, KARNATAKA",34.14700
2013-12,"MALKANGIRI, ORISSA",33.60500
2013-12,"RAMANATHAPURA, TAMILNADU",33.55900
2013-12,"JHABUA, MADHAYA PRADESH",33.41050
2013-12,"SURAT, GUJARAT",33.29400
2013-12,"RAJKOT, GUJARAT",33.28300
2013-12,"BHAVNAGAR, GUJARAT",33.23300
2013-12,"POONA, MAHARASHTRA",33.15900
2004-05,"REWA, MADHAYA PRADESH",53.14700
2004-05,"SATNA, MADHAYA PRADESH",51.41750
2004-05,"JANJGIR, CHATISGARH",50.82800
2004-05,"JHARSUGUDA, ORISSA",50.65600
2004-05,"KORBA, CHATISGARH",50.33700
2004-05,"RAE BARELI, UTTAR PRADESH",50.31850
2004-05,"SIDHI, MADHAYA PRADESH",50.25100
2004-05,"TIKAMGARH, MADHAYA PRADESH",50.13900
2004-05,"FATEHPUR, UTTAR PRADESH",50.01100
2004-05,"KAIRA/KHEDA, GUJARAT",49.91100
2006-07,"GANGANAGAR, RAJASTHAN",51.16450
2006-07,"JAMMU, JAMMU AND KASHMIR",49.51150
2006-07,"AMRITSAR, PUNJAB",48.22800
2006-07,"SIRSA, HARYANA",47.87500
2006-07,"HANUMANGARH, RAJASTHAN",47.87500
2006-07,"KAPURTHALA, PUNJAB",47.86950
2006-07,"FEROZEPORE, PUNJAB",47.51800
2006-07,"MUZAFFARNAGAR, UTTAR PRADESH",47.50700
2006-07,"FARIDKOT, PUNJAB",47.49400
2006-07,"BHATINDA, PUNJAB",47.42700
2010-11,"JHABUA, MADHAYA PRADESH",36.08200
2010-11,"BARMER, RAJASTHAN",35.92000
2010-11,"BANASKANTHA, GUJARAT",35.72350
2010-11,"KUTCH, GUJARAT",35.56400
2010-11,"VARANASI, UTTAR PRADESH",35.56000
2010-11,"PATAN, GUJARAT",35.47600
2010-11,"DOHAD, GUJARAT",35.40400
2010-11,"RAJKOT, GUJARAT",35.39800
2010-11,"AMRELI, GUJARAT",35.39400
2010-11,"KAIRA/KHEDA, GUJARAT",35.39300
2003-02,"DANTEWARA, CHATISGARH",41.10550
2003-02,"KHAMMAM, TELANGANA",40.68350
2003-02,"JHARSUGUDA, ORISSA",40.61000
2003-02,"SAMBALPUR, ORISSA",40.56700
2003-02,"HAVERI, KARNATAKA",40.35800
2003-02,"CHANDRAPUR, MAHARASHTRA",39.87250
2003-02,"MALKANGIRI, ORISSA",39.85900
2003-02,"SUNDARGARH, ORISSA",39.80100
2003-02,"SONEPUR, ORISSA",39.70000
2003-02,"BARGARH, ORISSA",39.62400
2013-06,"SIDHI, MADHAYA PRADESH",52.13300
2013-06,"BANDA, UTTAR PRADESH",51.88650
2013-06,"REWA, MADHAYA PRADESH",51.79800
2013-06,"FEROZEPORE, PUNJAB",51.60600
2013-06,"FARIDKOT, PUNJAB",51.60600
2013-06,"FATEHPUR, UTTAR PRADESH",51.24100
2013-06,"SHAHUJI M NAGAR, UTTAR PRADESH",51.23000
2013-06,"JANJGIR, CHATISGARH",51.02600
2013-06,"BHATINDA, PUNJAB",50.99700
2013-06,"UNNAO, UTTAR PRADESH",50.82400
2001-06,"GANGANAGAR, RAJASTHAN",50.76800
2001-06,"AMRITSAR, PUNJAB",50.09600
2001-06,"S.RAVIDAS NAGAR, UTTAR PRADESH",48.93300
2001-06,"KORBA, CHATISGARH",48.86150
2001-06,"BHATINDA, PUNJAB",48.54800
2001-06,"FARIDKOT, PUNJAB",48.44600
2001-06,"FEROZEPORE, PUNJAB",48.34800
2001-06,"JAMMU, JAMMU AND KASHMIR",48.29650
2001-06,"PRATAPGARH, UTTAR PRADESH",48.01300
2001-06,"HAMIRPUR, UTTAR PRADESH",47.97700
2005-12,"NORTH GOA, GOA",37.13700
2005-12,"DANGS, GUJARAT",34.64700
2005-12,"SIVAGANGA, TAMILNADU",34.41500
2005-12,"SURAT, GUJARAT",34.26600
2005-12,"SHIMOGA, KARNATAKA",33.36300
2005-12,"RAMANATHAPURA, TAMILNADU",33.29000
2005-12,"PALAKKAD, KERALA",33.21900
2005-12,"KODAGU, KARNATAKA",33.21750
2005-12,"BELGAUM, KARNATAKA",33.03900
2005-12,"KOLHAPUR, MAHARASHTRA",32.93750
2006-05,"JHARSUGUDA, ORISSA",51.97800
2006-05,"BHATINDA, PUNJAB",51.00700
2006-05,"UNNAO, UTTAR PRADESH",50.93600
2006-05,"HISSAR, HARYANA",50.72900
2006-05,"FARIDKOT, PUNJAB",50.72500
2006-05,"SIRSA, HARYANA",50.53800
2006-05,"RAE BARELI, UTTAR PRADESH",50.50350
2006-05,"HARDOI, UTTAR PRADESH",50.44700
2006-05,"TIKAMGARH, MADHAYA PRADESH",50.44300
2006-05,"SHAHJAHANPUR, UTTAR PRADESH",50.35900
2008-09,"FARIDKOT, PUNJAB",44.75200
2008-09,"FEROZEPORE, PUNJAB",44.09000
2008-09,"GANGANAGAR, RAJASTHAN",43.88200
2008-09,"SIVAGANGA, TAMILNADU",43.08400
2008-09,"CHENNAI, TAMILNADU",42.59400
2008-09,"SIRSA, HARYANA",42.24800
2008-09,"HANUMANGARH, RAJASTHAN",42.22100
2008-09,"SURENDRANAGAR, GUJARAT",42.05850
2008-09,"BHATINDA, PUNJAB",41.91600
2008-09,"RAMANATHAPURA, TAMILNADU",41.90200
2006-04,"JANJGIR, CHATISGARH",49.29100
2006-04,"JHARSUGUDA, ORISSA",48.84300
2006-04,"SAMBALPUR, ORISSA",48.84300
2006-04,"SUNDARGARH, ORISSA",48.77500
2006-04,"BARGARH, ORISSA",48.71350
2006-04,"SIMDEGA, JHARKHAND",48.70700
2006-04,"KORBA, CHATISGARH",48.70550
2006-04,"BILASPUR, CHATISGARH",48.55000
2006-04,"SONEPUR, ORISSA",48.48300
2006-04,"CHENNAI, TAMILNADU",48.40000
2007-08,"FARIDKOT, PUNJAB",48.16300
2007-08,"FEROZEPORE, PUNJAB",48.09500
2007-08,"GANGANAGAR, RAJASTHAN",47.96000
2007-08,"AMRITSAR, PUNJAB",47.55950
2007-08,"BHATINDA, PUNJAB",47.10300
2007-08,"SANGRUR, PUNJAB",46.86200
2007-08,"JULLUNDAR, PUNJAB",46.07500
2007-08,"LUDHIANA, PUNJAB",45.49950
2007-08,"KAPURTHALA, PUNJAB",45.29000
2007-08,"JAMMU, JAMMU AND KASHMIR",44.47650
2010-02,"HAVERI, KARNATAKA",40.35200
2010-02,"DANTEWARA, CHATISGARH",40.24450
2010-02,"DHARWAR, KARNATAKA",40.14500
2010-02,"CHANDRAPUR, MAHARASHTRA",40.13300
2010-02,"BHANDARA, MAHARASHTRA",39.90800
2010-02,"MALKANGIRI, ORISSA",39.82300
2010-02,"ADILABAD, TELANGANA",39.73900
2010-02,"KHAMMAM, TELANGANA",39.57750
2010-02,"DAVANAGERE, KARNATAKA",39.55650
2010-02,"SONEPUR, ORISSA",39.54300
2001-05,"REWA, MADHAYA PRADESH",51.88100
2001-05,"JHARSUGUDA, ORISSA",51.52500
2001-05,"KORBA, CHATISGARH",51.16700
2001-05,"JANJGIR, CHATISGARH",51.07800
2001-05,"FARIDKOT, PUNJAB",50.68700
2001-05,"CHANDRAPUR, MAHARASHTRA",50.67150
2001-05,"SIMDEGA, JHARKHAND",50.53450
2001-05,"SAMBALPUR, ORISSA",50.47100
2001-05,"AMRITSAR, PUNJAB",50.26000
2001-05,"BILASPUR, CHATISGARH",50.20900
2005-02,"HAVERI, KARNATAKA",42.08200
2005-02,"NELLORE, ANDHRA PRADESH",41.99800
2005-02,"GUNTUR, ANDHRA PRADESH",41.45900
2005-02,"SANGLI, MAHARASHTRA",40.76100
2005-02,"PRAKASAM, ANDHRA PRADESH",40.67700
2005-02,"KRISHNA, ANDHRA PRADESH",40.66550
2005-02,"DANTEWARA, CHATISGARH",40.36400
2005-02,"DHENKANAL, ORISSA",40.33700
2005-02,"MALKANGIRI, ORISSA",40.20900
2005-02,"CHANDRAPUR, MAHARASHTRA",40.05900
2001-11,"RAJKOT, GUJARAT",39.68800
2001-11,"MEHSANA, GUJARAT",39.29600
2001-11,"PATAN, GUJARAT",39.28600
2001-11,"SURENDRANAGAR, GUJARAT",39.23050
2001-11,"AHMEDABAD, GUJARAT",39.15950
2001-11,"DOHAD, GUJARAT",39.14400
2001-11,"SURAT, GUJARAT",39.00700
2001-11,"DUNGARPUR, RAJASTHAN",38.97500
2001-11,"KAIRA/KHEDA, GUJARAT",38.96800
2001-11,"BHARATPUR, RAJASTHAN",38.78550
2000-08,"AMRITSAR, PUNJAB",48.31750
2000-08,"GANGANAGAR, RAJASTHAN",47.77400
2000-08,"FEROZEPORE, PUNJAB",47.11900
2000-08,"KAPURTHALA, PUNJAB",46.65450
2000-08,"SANGRUR, PUNJAB",46.56200
2000-08,"JAMMU, JAMMU AND KASHMIR",46.41650
2000-08,"FARIDKOT, PUNJAB",46.10200
2000-08,"GURDASPUR, PUNJAB",45.79900
2000-08,"JULLUNDAR, PUNJAB",45.41550
2000-08,"BHATINDA, PUNJAB",45.34200
2004-04,"BOLANGIR, ORISSA",50.36200
2004-04,"SIDHI, MADHAYA PRADESH",49.69200
2004-04,"REWA, MADHAYA PRADESH",49.45600
2004-04,"SONEPUR, ORISSA",49.45300
2004-04,"SONBHADRA, UTTAR PRADESH",49.40250
2004-04,"HOWRAH, WEST BENGAL",49.33200
2004-04,"JANJGIR, CHATISGARH",49.08800
2004-04,"CUTTACK, ORISSA",48.98600
2004-04,"DHENKANAL, ORISSA",48.92600
2004-04,"CHANDRAPUR, MAHARASHTRA",48.76200
2006-09,"GANGANAGAR, RAJASTHAN",45.68200
2006-09,"CHENNAI, TAMILNADU",45.13800
2006-09,"BARMER, RAJASTHAN",44.34600
2006-09,"SIRSA, HARYANA",43.34800
2006-09,"HANUMANGARH, RAJASTHAN",43.34800
2006-09,"BHATINDA, PUNJAB",42.60800
2006-09,"FARIDKOT, PUNJAB",42.55700
2006-09,"FEROZEPORE, PUNJAB",42.55700
2006-09,"HISSAR, HARYANA",42.38700
2006-09,"DARRANG, ASSAM",42.29550
2002-04,"JANJGIR, CHATISGARH",52.49100
2002-04,"JHARSUGUDA, ORISSA",51.39300
2002-04,"KORBA, CHATISGARH",50.80850
2002-04,"SUNDARGARH, ORISSA",50.50600
2002-04,"SAMBALPUR, ORISSA",50.14700
2002-04,"BILASPUR, CHATISGARH",49.86100
2002-04,"SIMDEGA, JHARKHAND",49.80750
2002-04,"GADCHIROLI, MAHARASHTRA",49.76250
2002-04,"CHANDRAPUR, MAHARASHTRA",49.53600
2002-04,"BOLANGIR, ORISSA",49.43100
2003-07,"AMRITSAR, PUNJAB",50.61150
2003-07,"GANGANAGAR, RAJASTHAN",50.45950
2003-07,"FEROZEPORE, PUNJAB",50.04900
2003-07,"BHATINDA, PUNJAB",50.03700
2003-07,"FARIDKOT, PUNJAB",49.88700
2003-07,"SANGRUR, PUNJAB",48.99600
2003-07,"GURDASPUR, PUNJAB",48.30200
2003-07,"SIRSA, HARYANA",48.28800
2003-07,"HANUMANGARH, RAJASTHAN",48.28800
2003-07,"LUDHIANA, PUNJAB",48.17150
2010-04,"JHARSUGUDA, ORISSA",52.20000
2010-04,"JANJGIR, CHATISGARH",51.82000
2010-04,"KORBA, CHATISGARH",51.77700
2010-04,"SONBHADRA, UTTAR PRADESH",51.43650
2010-04,"GONDIA, MAHARASHTRA",50.94300
2010-04,"SONEPUR, ORISSA",50.80650
2010-04,"SUNDARGARH, ORISSA",50.60800
2010-04,"SAMBALPUR, ORISSA",50.52300
2010-04,"KOWARDHA, CHATISGARH",50.38900
2010-04,"JASHPURNAGAR, CHATISGARH",50.34650
2002-03,"CHANDRAPUR, MAHARASHTRA",46.13000
2002-03,"BARGARH, ORISSA",45.50950
2002-03,"DHENKANAL, ORISSA",45.02800
2002-03,"GADCHIROLI, MAHARASHTRA",44.89300
2002-03,"MAHASAMUND, CHATISGARH",44.65800
2002-03,"GONDIA, MAHARASHTRA",44.60500
2002-03,"SAMBALPUR, ORISSA",44.26900
2002-03,"SONEPUR, ORISSA",44.15700
2002-03,"DANTEWARA, CHATISGARH",44.01950
2002-03,"MALKANGIRI, ORISSA",43.96700
2011-05,"JANJGIR, CHATISGARH",51.31400
2011-05,"KORBA, CHATISGARH",51.06900
2011-05,"SATNA, MADHAYA PRADESH",50.32300
2011-05,"MAHASAMUND, CHATISGARH",50.32200
2011-05,"SUNDARGARH, ORISSA",50.11700
2011-05,"PALAMAU, JHARKHAND",50.03800
2011-05,"RAIGARH, CHATISGARH",49.92300
2011-05,"REWA, MADHAYA PRADESH",49.87700
2011-05,"FATEHPUR, UTTAR PRADESH",49.87400
2011-05,"SULTANPUR, UTTAR PRADESH",49.75600
2000-02,"NORTH GOA, GOA",40.09800
2000-02,"DHARWAR, KARNATAKA",38.55400
2000-02,"BARMER, RAJASTHAN",38.35000
2000-02,"KAIRA/KHEDA, GUJARAT",38.07400
2000-02,"PATAN, GUJARAT",37.95700
2000-02,"HAVERI, KARNATAKA",37.90600
2000-02,"PALAKKAD, KERALA",37.89400
2000-02,"AHMEDABAD, GUJARAT",37.86450
2000-02,"BANASKANTHA, GUJARAT",37.81200
2000-02,"SHIMOGA, KARNATAKA",37.73300
2000-01,"NORTH GOA, GOA",38.83700
2000-01,"HAVERI, KARNATAKA",37.11300
2000-01,"DHARWAR, KARNATAKA",36.81200
2000-01,"DAVANAGERE, KARNATAKA",36.72350
2000-01,"PALAKKAD, KERALA",36.65300
2000-01,"KRISHNA, ANDHRA PRADESH",36.24750
2000-01,"SURAT, GUJARAT",36.12700
2000-01,"EAST GODAVARI, ANDHRA PRADESH",35.91800
2000-01,"GUNTUR, ANDHRA PRADESH",35.86900
2000-01,"KOLHAPUR, MAHARASHTRA",35.79650
2002-12,"NORTH GOA, GOA",37.81000
2002-12,"SURAT, GUJARAT",37.01600
2002-12,"DANGS, GUJARAT",36.00400
2002-12,"KAIRA/KHEDA, GUJARAT",35.73600
2002-12,"NANDURBAR, MAHARASHTRA",35.67100
2002-12,"BARODA, GUJARAT",35.54100
2002-12,"PANCH-MAHALS, GUJARAT",35.47300
2002-12,"SABARKANTHA, GUJARAT",35.26600
2002-12,"AHMEDABAD, GUJARAT",35.13200
2002-12,"KOLHAPUR, MAHARASHTRA",35.12100
2012-08,"AMRITSAR, PUNJAB",47.57400
2012-08,"FEROZEPORE, PUNJAB",47.40500
2012-08,"FARIDKOT, PUNJAB",47.15500
2012-08,"BHATINDA, PUNJAB",45.61400
2012-08,"JULLUNDAR, PUNJAB",44.68300
2012-08,"GANGANAGAR, RAJASTHAN",44.59700
2012-08,"CHANDIGARH, CHANDIGARH",44.22800
2012-08,"HISSAR, HARYANA",44.01200
2012-08,"HANUMANGARH, RAJASTHAN",43.94000
2012-08,"KAPURTHALA, PUNJAB",43.90700
2004-02,"HAVERI, KARNATAKA",40.91000
2004-02,"DHARWAR, KARNATAKA",40.39350
2004-02,"NORTH GOA, GOA",40.28300
2004-02,"CHANDRAPUR, MAHARASHTRA",40.16350
2004-02,"BALASORE, ORISSA",39.92400
2004-02,"GADAG, KARNATAKA",39.49550
2004-02,"ADILABAD, TELANGANA",39.37900
2004-02,"JAJPUR, ORISSA",39.35600
2004-02,"SANGLI, MAHARASHTRA",39.30100
2004-02,"DANTEWARA, CHATISGARH",39.23950
2012-02,"MALKANGIRI, ORISSA",41.37700
2012-02,"THIRUVALLUR, TAMILNADU",40.91900
2012-02,"KHAMMAM, TELANGANA",40.62700
2012-02,"NELLORE, ANDHRA PRADESH",40.51200
2012-02,"DHENKANAL, ORISSA",40.44800
2012-02,"SONEPUR, ORISSA",40.39250
2012-02,"GADCHIROLI, MAHARASHTRA",40.38100
2012-02,"BOLANGIR, ORISSA",40.33950
2012-02,"GUNTUR, ANDHRA PRADESH",40.33200
2012-02,"DAVANAGERE, KARNATAKA",40.29650
2006-03,"BALASORE, ORISSA",45.95400
2006-03,"CUTTACK, ORISSA",45.80000
2006-03,"DANTEWARA, CHATISGARH",45.10850
2006-03,"KHAMMAM, TELANGANA",44.81650
2006-03,"JAJPUR, ORISSA",44.62900
2006-03,"MALKANGIRI, ORISSA",44.62500
2006-03,"HOWRAH, WEST BENGAL",44.26650
2006-03,"JHARSUGUDA, ORISSA",43.97700
2006-03,"CHANDRAPUR, MAHARASHTRA",43.84000
2006-03,"GADCHIROLI, MAHARASHTRA",43.47200
2010-03,"SIMDEGA, JHARKHAND",48.10800
2010-03,"GONDIA, MAHARASHTRA",47.67300
2010-03,"JANJGIR, CHATISGARH",47.60400
2010-03,"MAHASAMUND, CHATISGARH",47.50700
2010-03,"BARGARH, ORISSA",47.33900
2010-03,"SONEPUR, ORISSA",47.17900
2010-03,"DHENKANAL, ORISSA",47.16900
2010-03,"JHARSUGUDA, ORISSA",47.14400
2010-03,"CHANDRAPUR, MAHARASHTRA",46.99950
2010-03,"KORBA, CHATISGARH",46.89200
2000-07,"AMRITSAR, PUNJAB",49.28000
2000-07,"JAMMU, JAMMU AND KASHMIR",48.63200
2000-07,"KAPURTHALA, PUNJAB",48.59650
2000-07,"JULLUNDAR, PUNJAB",48.52700
2000-07,"SANGRUR, PUNJAB",48.52500
2000-07,"GURDASPUR, PUNJAB",47.98000
2000-07,"FEROZEPORE, PUNJAB",47.93500
2000-07,"JIND, HARYANA",47.68400
2000-07,"AMBALA, HARYANA",47.62300
2000-07,"HOSHIARPUR, PUNJAB",47.59400
2001-10,"GANGANAGAR, RAJASTHAN",42.83050
2001-10,"FARIDKOT, PUNJAB",42.74200
2001-10,"JALORE, RAJASTHAN",42.51050
2001-10,"BARMER, RAJASTHAN",42.49800
2001-10,"FEROZEPORE, PUNJAB",42.43500
2001-10,"PATAN, GUJARAT",42.20600
2001-10,"BANASKANTHA, GUJARAT",41.78650
2001-10,"SANGRUR, PUNJAB",41.78000
2001-10,"BHATINDA, PUNJAB",41.74400
2001-10,"MEHSANA, GUJARAT",41.58300
2004-11,"NORTH GOA, GOA",37.84800
2004-11,"SURAT, GUJARAT",37.09100
2004-11,"AHMEDABAD, GUJARAT",36.50550
2004-11,"CHANDRAPUR, MAHARASHTRA",36.23850
2004-11,"BHAVNAGAR, GUJARAT",36.22000
2004-11,"RAJKOT, GUJARAT",36.04500
2004-11,"AMRELI, GUJARAT",36.02400
2004-11,"BHANDARA, MAHARASHTRA",35.89500
2004-11,"NANDURBAR, MAHARASHTRA",35.82150
2004-11,"MEHSANA, GUJARAT",35.79300
2007-07,"FEROZEPORE, PUNJAB",48.57800
2007-07,"FARIDKOT, PUNJAB",48.15600
2007-07,"AMRITSAR, PUNJAB",46.98700
2007-07,"BHATINDA, PUNJAB",46.72300
2007-07,"CHANDIGARH, CHANDIGARH",46.59000
2007-07,"BALRAMPUR, UTTAR PRADESH",46.13300
2007-07,"GANGANAGAR, RAJASTHAN",46.05400
2007-07,"PATIALA, PUNJAB",45.93550
2007-07,"AMBALA, HARYANA",45.77800
2007-07,"JULLUNDAR, PUNJAB",45.62800
2012-04,"JANJGIR, CHATISGARH",50.82600
2012-04,"KORBA, CHATISGARH",50.14800
2012-04,"KANKER, CHATISGARH",50.02550
2012-04,"GONDIA, MAHARASHTRA",49.45600
2012-04,"SIMDEGA, JHARKHAND",49.27500
2012-04,"RAJNANDGAON, CHATISGARH",49.12100
2012-04,"SUNDARGARH, ORISSA",48.74000
2012-04,"DHAMTARI, CHATISGARH",48.66000
2012-04,"BOLANGIR, ORISSA",48.53300
2012-04,"SAMBALPUR, ORISSA",48.49700
2003-12,"NORTH GOA, GOA",37.43400
2003-12,"SURAT, GUJARAT",36.52500
2003-12,"DANGS, GUJARAT",35.77400
2003-12,"NANDURBAR, MAHARASHTRA",34.60200
2003-12,"BARMER, RAJASTHAN",34.52800
2003-12,"JHABUA, MADHAYA PRADESH",34.41000
2003-12,"AMRELI, GUJARAT",34.30500
2003-12,"RAJKOT, GUJARAT",34.30500
2003-12,"BARODA, GUJARAT",34.29000
2003-12,"BHAVNAGAR, GUJARAT",34.21750
2010-01,"PALAKKAD, KERALA",37.87100
2010-01,"NORTH GOA, GOA",36.56600
2010-01,"SURAT, GUJARAT",35.34100
2010-01,"MALKANGIRI, ORISSA",35.05200
2010-01,"ERNAKULAM, KERALA",34.75050
2010-01,"THRISSUR, KERALA",34.70700
2010-01,"SHIMOGA, KARNATAKA",34.59550
2010-01,"DANTEWARA, CHATISGARH",34.42000
2010-01,"KOLHAPUR, MAHARASHTRA",34.41150
2010-01,"KODAGU, KARNATAKA",34.35150
2010-09,"GANGANAGAR, RAJASTHAN",43.27750
2010-09,"FEROZEPORE, PUNJAB",42.57200
2010-09,"FARIDKOT, PUNJAB",42.51900
2010-09,"HANUMANGARH, RAJASTHAN",41.56900
2010-09,"SIRSA, HARYANA",41.56900
2010-09,"BIKANER, RAJASTHAN",41.31700
2010-09,"CUDDALORE, TAMILNADU",40.37300
2010-09,"BARMER, RAJASTHAN",40.14000
2010-09,"SIVAGANGA, TAMILNADU",39.89400
2010-09,"RAMANATHAPURA, TAMILNADU",39.89400
2012-05,"JHARSUGUDA, ORISSA",53.82400
2012-05,"SAMBALPUR, ORISSA",53.44500
2012-05,"DEOGARH, ORISSA",53.09200
2012-05,"SUNDARGARH, ORISSA",52.49400
2012-05,"SIMDEGA, JHARKHAND",52.41450
2012-05,"JASHPURNAGAR, CHATISGARH",52.07100
2012-05,"JAJPUR, ORISSA",51.56800
2012-05,"BARGARH, ORISSA",51.44200
2012-05,"BILASPUR, CHATISGARH",51.18600
2012-05,"GUMLA, JHARKHAND",51.13700
2005-10,"BARMER, RAJASTHAN",40.64000
2005-10,"FARIDKOT, PUNJAB",40.40500
2005-10,"FEROZEPORE, PUNJAB",40.40500
2005-10,"CHENNAI, TAMILNADU",40.34400
2005-10,"THIRUVALLUR, TAMILNADU",40.25100
2005-10,"GANGANAGAR, RAJASTHAN",39.77250
2005-10,"CUDDALORE, TAMILNADU",39.72900
2005-10,"AMRITSAR, PUNJAB",39.58400
2005-10,"BHATINDA, PUNJAB",39.39700
2005-10,"PATAN, GUJARAT",39.34500
2006-08,"GANGANAGAR, RAJASTHAN",45.54200
2006-08,"FARIDKOT, PUNJAB",45.01800
2006-08,"NALBARI, ASSAM",44.59600
2006-08,"SIRSA, HARYANA",44.08700
2006-08,"FEROZEPORE, PUNJAB",43.90200
2006-08,"DARRANG, ASSAM",43.72150
2006-08,"CHENNAI, TAMILNADU",43.66100
2006-08,"BHATINDA, PUNJAB",43.12300
2006-08,"HANUMANGARH, RAJASTHAN",43.09400
2006-08,"BARPETA, ASSAM",42.97100
2008-08,"FEROZEPORE, PUNJAB",45.09000
2008-08,"FARIDKOT, PUNJAB",44.60400
2008-08,"GANGANAGAR, RAJASTHAN",44.17800
2008-08,"BHATINDA, PUNJAB",44.11800
2008-08,"SIRSA, HARYANA",44.03300
2008-08,"HANUMANGARH, RAJASTHAN",44.03300
2008-08,"CHENNAI, TAMILNADU",43.61900
2008-08,"JAMMU, JAMMU AND KASHMIR",43.18100
2008-08,"CHURU, RAJASTHAN",42.45500
2008-08,"AMRITSAR, PUNJAB",41.80900
2009-10,"GANGANAGAR, RAJASTHAN",44.86200
2009-10,"BARMER, RAJASTHAN",44.57000
2009-10,"FEROZEPORE, PUNJAB",44.51900
2009-10,"FARIDKOT, PUNJAB",44.51900
2009-10,"PATAN, GUJARAT",43.52000
2009-10,"BANASKANTHA, GUJARAT",42.99300
2009-10,"BHATINDA, PUNJAB",42.45800
2009-10,"AMRITSAR, PUNJAB",42.43800
2009-10,"JALORE, RAJASTHAN",42.29000
2009-10,"HANUMANGARH, RAJASTHAN",41.99600
2001-04,"CHANDRAPUR, MAHARASHTRA",50.37100
2001-04,"BHANDARA, MAHARASHTRA",49.90650
2001-04,"GADCHIROLI, MAHARASHTRA",49.49750
2001-04,"JHARSUGUDA, ORISSA",49.23800
2001-04,"BARGARH, ORISSA",49.03800
2001-04,"SAMBALPUR, ORISSA",48.95800
2001-04,"BURDWAN, WEST BENGAL",48.94200
2001-04,"HARDA, MADHAYA PRADESH",48.77250
2001-04,"SONEPUR, ORISSA",48.61000
2001-04,"BALASORE, ORISSA",48.60800
2007-12,"NORTH GOA, GOA",38.16500
2007-12,"KOLLAM, KERALA",37.06500
2007-12,"TIRUNELVELI, TAMILNADU",36.17250
2007-12,"SURAT, GUJARAT",35.69400
2007-12,"DANGS, GUJARAT",35.67100
2007-12,"EAST GODAVARI, ANDHRA PRADESH",35.44800
2007-12,"MALKANGIRI, ORISSA",35.33600
2007-12,"WEST GODAVARI, ANDHRA PRADESH",35.19600
2007-12,"NANDURBAR, MAHARASHTRA",35.17050
2007-12,"DANTEWARA, CHATISGARH",35.03450
2005-11,"SURAT, GUJARAT",35.72800
2005-11,"SIVAGANGA, TAMILNADU",35.72000
2005-11,"NORTH GOA, GOA",35.69900
2005-11,"PATAN, GUJARAT",35.66000
2005-11,"RAJKOT, GUJARAT",35.65300
2005-11,"RAMANATHAPURA, TAMILNADU",35.64200
2005-11,"BANASKANTHA, GUJARAT",35.46500
2005-11,"AMRELI, GUJARAT",35.45700
2005-11,"JALORE, RAJASTHAN",35.20400
2005-11,"AHMEDABAD, GUJARAT",35.18000
2010-06,"SIDHI, MADHAYA PRADESH",52.92200
2010-06,"FARIDKOT, PUNJAB",52.27000
2010-06,"REWA, MADHAYA PRADESH",51.78800
2010-06,"FEROZEPORE, PUNJAB",51.76800
2010-06,"BHATINDA, PUNJAB",51.76500
2010-06,"AURAIYA, UTTAR PRADESH",51.66700
2010-06,"JALAUN, UTTAR PRADESH",51.60300
2010-06,"LALITPUR, UTTAR PRADESH",51.53700
2010-06,"HAMIRPUR, UTTAR PRADESH",51.50700
2010-06,"CHHATARPUR, MADHAYA PRADESH",51.43700
2005-01,"NORTH GOA, GOA",38.63100
2005-01,"HAVERI, KARNATAKA",37.25800
2005-01,"DHARWAR, KARNATAKA",37.23600
2005-01,"PALAKKAD, KERALA",36.32100
2005-01,"GADAG, KARNATAKA",35.88850
2005-01,"DAVANAGERE, KARNATAKA",35.88750
2005-01,"SANGLI, MAHARASHTRA",35.42900
2005-01,"SHIMOGA, KARNATAKA",35.42350
2005-01,"KOLHAPUR, MAHARASHTRA",35.32850
2005-01,"THRISSUR, KERALA",35.19800
2002-09,"CHENNAI, TAMILNADU",44.60000
2002-09,"GANGANAGAR, RAJASTHAN",44.54150
2002-09,"THIRUVALLUR, TAMILNADU",44.48600
2002-09,"BHATINDA, PUNJAB",44.30200
2002-09,"CUDDALORE, TAMILNADU",43.55900
2002-09,"FARIDKOT, PUNJAB",43.46800
2002-09,"FEROZEPORE, PUNJAB",43.35100
2002-09,"HANUMANGARH, RAJASTHAN",43.05600
2002-09,"BIKANER, RAJASTHAN",43.04600
2002-09,"SIVAGANGA, TAMILNADU",42.92100
2004-10,"FARIDKOT, PUNJAB",42.08100
2004-10,"FEROZEPORE, PUNJAB",41.80400
2004-10,"AMRITSAR, PUNJAB",41.77150
2004-10,"LUDHIANA, PUNJAB",41.68550
2004-10,"FIROZABAD, UTTAR PRADESH",41.15600
2004-10,"AURAIYA, UTTAR PRADESH",41.03600
2004-10,"PATIALA, PUNJAB",41.00800
2004-10,"KAITHAL, HARYANA",40.90750
2004-10,"MAINPURI, UTTAR PRADESH",40.84250
2004-10,"PANIPAT, HARYANA",40.76700
2008-05,"JHARSUGUDA, ORISSA",51.40900
2008-05,"SUNDARGARH, ORISSA",50.98900
2008-05,"KORBA, CHATISGARH",50.88150
2008-05,"BILASPUR, CHATISGARH",50.84500
2008-05,"SAMBALPUR, ORISSA",50.77400
2008-05,"JANJGIR, CHATISGARH",50.73700
2008-05,"BARGARH, ORISSA",50.58450
2008-05,"CUTTACK, ORISSA",49.67700
2008-05,"SIMDEGA, JHARKHAND",49.54400
2008-05,"DEOGARH, ORISSA",49.53100
2012-12,"DANGS, GUJARAT",36.46300
2012-12,"NANDURBAR, MAHARASHTRA",36.32750
2012-12,"JHABUA, MADHAYA PRADESH",35.28450
2012-12,"SURAT, GUJARAT",35.26300
2012-12,"BARODA, GUJARAT",35.09800
2012-12,"DHARWAR, KARNATAKA",35.04900
2012-12,"HARDA, MADHAYA PRADESH",34.98150
2012-12,"RAJKOT, GUJARAT",34.97600
2012-12,"KODAGU, KARNATAKA",34.83200
2012-12,"PALAKKAD, KERALA",34.74800
2012-07,"FARIDKOT, PUNJAB",52.21900
2012-07,"FEROZEPORE, PUNJAB",52.13300
2012-07,"BHATINDA, PUNJAB",51.93900
2012-07,"AMRITSAR, PUNJAB",50.98800
2012-07,"KATHUA, JAMMU AND KASHMIR",50.56800
2012-07,"KAPURTHALA, PUNJAB",50.49300
2012-07,"GURDASPUR, PUNJAB",50.41100
2012-07,"BIJNOR, UTTAR PRADESH",50.34600
2012-07,"SANGRUR, PUNJAB",49.93900
2012-07,"JULLUNDAR, PUNJAB",49.67150
2000-09,"GANGANAGAR, RAJASTHAN",47.38250
2000-09,"FEROZEPORE, PUNJAB",47.01100
2000-09,"AMRITSAR, PUNJAB",46.63400
2000-09,"FARIDKOT, PUNJAB",46.43700
2000-09,"SANGRUR, PUNJAB",46.30100
2000-09,"LUDHIANA, PUNJAB",45.00200
2000-09,"JIND, HARYANA",44.70300
2000-09,"PATIALA, PUNJAB",44.58050
2000-09,"BHATINDA, PUNJAB",44.38900
2000-09,"SURENDRANAGAR, GUJARAT",44.27500
2002-06,"SIMDEGA, JHARKHAND",51.75900
2002-06,"BHATINDA, PUNJAB",51.47300
2002-06,"MAHASAMUND, CHATISGARH",51.43300
2002-06,"KOWARDHA, CHATISGARH",51.32300
2002-06,"TIKAMGARH, MADHAYA PRADESH",51.11600
2002-06,"RAIGARH, CHATISGARH",51.04500
2002-06,"JALAUN, UTTAR PRADESH",51.02100
2002-06,"CHHATARPUR, MADHAYA PRADESH",50.99950
2002-06,"AMRITSAR, PUNJAB",50.99350
2002-06,"SANGRUR, PUNJAB",50.99200
2011-03,"JANJGIR, CHATISGARH",45.36400
2011-03,"NELLORE, ANDHRA PRADESH",45.03700
2011-03,"SONEPUR, ORISSA",44.85750
2011-03,"JHARSUGUDA, ORISSA",44.75500
2011-03,"SIMDEGA, JHARKHAND",44.71450
2011-03,"SAMBALPUR, ORISSA",44.69800
2011-03,"KORBA, CHATISGARH",44.62900
2011-03,"GUMLA, JHARKHAND",44.62100
2011-03,"KHAMMAM, TELANGANA",44.56600
2011-03,"CHANDRAPUR, MAHARASHTRA",44.53250
2010-07,"AMRITSAR, PUNJAB",49.97500
2010-07,"GANGANAGAR, RAJASTHAN",48.73550
2010-07,"FEROZEPORE, PUNJAB",48.64100
2010-07,"FARIDKOT, PUNJAB",48.26200
2010-07,"BHIND, MADHAYA PRADESH",48.24500
2010-07,"FIROZABAD, UTTAR PRADESH",47.78500
2010-07,"HOSHIARPUR, PUNJAB",47.57900
2010-07,"KAPURTHALA, PUNJAB",46.93100
2010-07,"GURDASPUR, PUNJAB",46.88900
2010-07,"SIRSA, HARYANA",46.72000
2006-10,"FEROZEPORE, PUNJAB",43.67200
2006-10,"FARIDKOT, PUNJAB",43.67200
2006-10,"BARMER, RAJASTHAN",43.12000
2006-10,"BHATINDA, PUNJAB",42.93800
2006-10,"GANGANAGAR, RAJASTHAN",42.60750
2006-10,"CHENNAI, TAMILNADU",42.59400
2006-10,"SANGRUR, PUNJAB",41.52100
2006-10,"NELLORE, ANDHRA PRADESH",41.27300
2006-10,"SIRSA, HARYANA",41.20500
2006-10,"HANUMANGARH, RAJASTHAN",41.20500
2005-05,"JHARSUGUDA, ORISSA",53.45200
2005-05,"SAMBALPUR, ORISSA",52.27000
2005-05,"BARGARH, ORISSA",52.17200
2005-05,"JANJGIR, CHATISGARH",52.10400
2005-05,"RAIGARH, CHATISGARH",51.82000
2005-05,"KORBA, CHATISGARH",51.60100
2005-05,"SIMDEGA, JHARKHAND",51.32100
2005-05,"SONEPUR, ORISSA",51.28150
2005-05,"DEOGARH, ORISSA",51.22900
2005-05,"SUNDARGARH, ORISSA",51.22900
2001-03,"BOLANGIR, ORISSA",47.23000
2001-03,"SONEPUR, ORISSA",46.73400
2001-03,"JANJGIR, CHATISGARH",46.44700
2001-03,"JHARSUGUDA, ORISSA",46.37900
2001-03,"SAMBALPUR, ORISSA",46.37900
2001-03,"MALKANGIRI, ORISSA",46.14800
2001-03,"BARGARH, ORISSA",45.45950
2001-03,"VILLUPURAM, TAMILNADU",45.30900
2001-03,"GONDIA, MAHARASHTRA",45.22900
2001-03,"HOWRAH, WEST BENGAL",45.04400
2007-09,"GANGANAGAR, RAJASTHAN",47.33550
2007-09,"SANGRUR, PUNJAB",46.59000
2007-09,"AMRITSAR, PUNJAB",45.64950
2007-09,"FEROZEPORE, PUNJAB",45.21000
2007-09,"FARIDKOT, PUNJAB",44.88200
2007-09,"JULLUNDAR, PUNJAB",44.56350
2007-09,"BHATINDA, PUNJAB",44.39500
2007-09,"BIKANER, RAJASTHAN",44.15500
2007-09,"SIRSA, HARYANA",44.01400
2007-09,"HANUMANGARH, RAJASTHAN",44.01400
2011-01,"KODAGU, KARNATAKA",35.83100
2011-01,"PALAKKAD, KERALA",35.66400
2011-01,"DANGS, GUJARAT",35.50200
2011-01,"SHIMOGA, KARNATAKA",35.20050
2011-01,"NILGIRIS, TAMILNADU",35.13900
2011-01,"NANDURBAR, MAHARASHTRA",34.67000
2011-01,"WAYANAD, KERALA",34.43550
2011-01,"MALKANGIRI, ORISSA",34.42200
2011-01,"BOLANGIR, ORISSA",34.20650
2011-01,"DANTEWARA, CHATISGARH",33.98350
2013-11,"DANGS, GUJARAT",36.74600
2013-11,"RAJKOT, GUJARAT",35.54300
2013-11,"BARMER, RAJASTHAN",34.85600
2013-11,"JAMNAGAR, GUJARAT",34.60600
2013-11,"SURENDRANAGAR, GUJARAT",34.41400
2013-11,"AMRELI, GUJARAT",34.03700
2013-11,"BHAVNAGAR, GUJARAT",34.01150
2013-11,"POONA, MAHARASHTRA",33.95900
2013-11,"JHABUA, MADHAYA PRADESH",33.95300
2013-11,"JALORE, RAJASTHAN",33.83350
2012-01,"DHARWAR, KARNATAKA",35.84200
2012-01,"KODAGU, KARNATAKA",35.28550
2012-01,"HAVERI, KARNATAKA",35.06700
2012-01,"BELGAUM, KARNATAKA",35.02500
2012-01,"PALAKKAD, KERALA",34.87000
2012-01,"SANGLI, MAHARASHTRA",34.79800
2012-01,"NILGIRIS, TAMILNADU",34.68750
2012-01,"GADAG, KARNATAKA",34.59400
2012-01,"WAYANAD, KERALA",34.39950
2012-01,"SHIMOGA, KARNATAKA",34.22400
2003-01,"SURAT, GUJARAT",38.91400
2003-01,"PALAKKAD, KERALA",37.80400
2003-01,"HAVERI, KARNATAKA",37.37500
2003-01,"NORTH GOA, GOA",37.23400
2003-01,"SANGLI, MAHARASHTRA",37.20700
2003-01,"DANTEWARA, CHATISGARH",36.97250
2003-01,"MALKANGIRI, ORISSA",36.83000
2003-01,"SHIMOGA, KARNATAKA",36.81800
2003-01,"KHAMMAM, TELANGANA",36.75850
2003-01,"NELLORE, ANDHRA PRADESH",36.74300
2008-06,"JANJGIR, CHATISGARH",51.35000
2008-06,"RAIGARH, CHATISGARH",50.89500
2008-06,"SUNDARGARH, ORISSA",50.08500
2008-06,"PALAMAU, JHARKHAND",49.97300
2008-06,"BHABUA, BIHAR",49.63900
2008-06,"VARANASI, UTTAR PRADESH",49.62600
2008-06,"SIMDEGA, JHARKHAND",49.49600
2008-06,"GHAZIPUR, UTTAR PRADESH",49.03000
2008-06,"BUXAR, BIHAR",48.92800
2008-06,"AURANGABAD, BIHAR",48.82200
2009-08,"AMRITSAR, PUNJAB",47.58700
2009-08,"FEROZEPORE, PUNJAB",47.15900
2009-08,"FARIDKOT, PUNJAB",47.07400
2009-08,"JAMMU, JAMMU AND KASHMIR",46.73500
2009-08,"BHATINDA, PUNJAB",45.95200
2009-08,"HISSAR, HARYANA",45.93600
2009-08,"LUDHIANA, PUNJAB",45.70450
2009-08,"SIRSA, HARYANA",45.34600
2009-08,"SANGRUR, PUNJAB",45.34600
2009-08,"HANUMANGARH, RAJASTHAN",45.34600
2000-12,"NORTH GOA, GOA",37.46600
2000-12,"SURAT, GUJARAT",36.54400
2000-12,"PALAKKAD, KERALA",35.17300
2000-12,"KAIRA/KHEDA, GUJARAT",35.11000
2000-12,"BARODA, GUJARAT",35.06750
2000-12,"KODAGU, KARNATAKA",34.89500
2000-12,"DANGS, GUJARAT",34.77500
2000-12,"PANCH-MAHALS, GUJARAT",34.56950
2000-12,"NANDURBAR, MAHARASHTRA",34.51700
2000-12,"SABARKANTHA, GUJARAT",34.25000
2008-04,"JHARSUGUDA, ORISSA",51.36800
2008-04,"SIDHI, MADHAYA PRADESH",51.33500
2008-04,"JANJGIR, CHATISGARH",51.32800
2008-04,"KORBA, CHATISGARH",51.29800
2008-04,"GONDIA, MAHARASHTRA",51.20300
2008-04,"REWA, MADHAYA PRADESH",51.16300
2008-04,"SAMBALPUR, ORISSA",50.81900
2008-04,"GADCHIROLI, MAHARASHTRA",50.74550
2008-04,"MALKANGIRI, ORISSA",50.67500
2008-04,"SUNDARGARH, ORISSA",50.67500
2001-01,"NORTH GOA, GOA",39.27500
2001-01,"PALAKKAD, KERALA",36.85100
2001-01,"GONDIA, MAHARASHTRA",36.65500
2001-01,"SURAT, GUJARAT",36.65500
2001-01,"RAJNANDGAON, CHATISGARH",36.45000
2001-01,"BARGARH, ORISSA",36.27450
2001-01,"DURG, CHATISGARH",36.13900
2001-01,"SONEPUR, ORISSA",36.01350
2001-01,"BHANDARA, MAHARASHTRA",35.86850
2001-01,"GADCHIROLI, MAHARASHTRA",35.75700
2006-02,"JHARSUGUDA, ORISSA",42.51700
2006-02,"BALASORE, ORISSA",42.12700
2006-02,"MAHASAMUND, CHATISGARH",42.10100
2006-02,"GADCHIROLI, MAHARASHTRA",42.09400
2006-02,"DANTEWARA, CHATISGARH",42.06750
2006-02,"MALKANGIRI, ORISSA",41.98400
2006-02,"RAIGARH, CHATISGARH",41.80200
2006-02,"SUNDARGARH, ORISSA",41.69800
2006-02,"CHANDRAPUR, MAHARASHTRA",41.63200
2006-02,"REWA, MADHAYA PRADESH",41.63000
2011-11,"RAJKOT, GUJARAT",38.50300
2011-11,"DANGS, GUJARAT",37.72300
2011-11,"SURENDRANAGAR, GUJARAT",37.27200
2011-11,"SURAT, GUJARAT",37.05700
2011-11,"AHMEDABAD, GUJARAT",36.68900
2011-11,"BARODA, GUJARAT",36.66900
2011-11,"KAIRA/KHEDA, GUJARAT",36.58500
2011-11,"JALORE, RAJASTHAN",36.54850
2011-11,"JHABUA, MADHAYA PRADESH",36.53150
2011-11,"BARMER, RAJASTHAN",36.50100
2012-11,"SIVAGANGA, TAMILNADU",35.74100
2012-11,"DANGS, GUJARAT",35.68800
2012-11,"THIRUVALLUR, TAMILNADU",35.50000
2012-11,"NANDURBAR, MAHARASHTRA",35.23900
2012-11,"RAJKOT, GUJARAT",35.20400
2012-11,"NELLORE, ANDHRA PRADESH",35.06700
2012-11,"JALORE, RAJASTHAN",34.99550
2012-11,"BARODA, GUJARAT",34.85400
2012-11,"BANASKANTHA, GUJARAT",34.80800
2012-11,"JAMNAGAR, GUJARAT",34.79800
2013-02,"BALASORE, ORISSA",38.51100
2013-02,"DANTEWARA, CHATISGARH",38.42000
2013-02,"MALKANGIRI, ORISSA",38.39700
2013-02,"HAVERI, KARNATAKA",38.37600
2013-02,"JAJPUR, ORISSA",38.23200
2013-02,"EAST GODAVARI, ANDHRA PRADESH",38.18200
2013-02,"BOLANGIR, ORISSA",38.08700
2013-02,"KRISHNA, ANDHRA PRADESH",37.95950
2013-02,"KHAMMAM, TELANGANA",37.92350
2013-02,"SONEPUR, ORISSA",37.92300
2000-10,"FARIDKOT, PUNJAB",44.37800
2000-10,"FEROZEPORE, PUNJAB",44.01300
2000-10,"BHATINDA, PUNJAB",43.87600
2000-10,"BANASKANTHA, GUJARAT",43.84350
2000-10,"PATAN, GUJARAT",43.40500
2000-10,"AHMEDABAD, GUJARAT",42.94000
2000-10,"BARMER, RAJASTHAN",42.92800
2000-10,"MEHSANA, GUJARAT",42.68600
2000-10,"SANGRUR, PUNJAB",42.65200
2000-10,"JALORE, RAJASTHAN",42.62650
2005-06,"JANJGIR, CHATISGARH",53.17800
2005-06,"SIMDEGA, JHARKHAND",52.75850
2005-06,"JHARSUGUDA, ORISSA",52.53600
2005-06,"SUNDARGARH, ORISSA",52.51200
2005-06,"RAIGARH, CHATISGARH",52.40000
2005-06,"SHAHUJI M NAGAR, UTTAR PRADESH",52.28600
2005-06,"JHANSI, UTTAR PRADESH",52.27350
2005-06,"HAMIRPUR, UTTAR PRADESH",52.26200
2005-06,"S.RAVIDAS NAGAR, UTTAR PRADESH",52.03800
2005-06,"KORBA, CHATISGARH",51.93900
2008-12,"NORTH GOA, GOA",37.49700
2008-12,"KOLLAM, KERALA",36.53800
2008-12,"SURAT, GUJARAT",36.47400
2008-12,"DANGS, GUJARAT",36.12500
2008-12,"RAJKOT, GUJARAT",35.53500
2008-12,"AMRELI, GUJARAT",35.53500
2008-12,"AHMEDABAD, GUJARAT",35.31850
2008-12,"BHAVNAGAR, GUJARAT",35.30500
2008-12,"MEHSANA, GUJARAT",35.19100
2008-12,"KAIRA/KHEDA, GUJARAT",35.14200
2000-03,"KORBA, CHATISGARH",44.99100
2000-03,"GONDIA, MAHARASHTRA",44.63600
2000-03,"JANJGIR, CHATISGARH",44.51600
2000-03,"JHARSUGUDA, ORISSA",44.50500
2000-03,"JASHPURNAGAR, CHATISGARH",44.39850
2000-03,"SONEPUR, ORISSA",44.11750
2000-03,"DOHAD, GUJARAT",44.10400
2000-03,"JHABUA, MADHAYA PRADESH",43.96100
2000-03,"SIMDEGA, JHARKHAND",43.89050
2000-03,"DEWAS, MADHAYA PRADESH",43.86200
2001-08,"AMRITSAR, PUNJAB",47.00550
2001-08,"FEROZEPORE, PUNJAB",46.81400
2001-08,"BHATINDA, PUNJAB",46.54500
2001-08,"FARIDKOT, PUNJAB",46.26700
2001-08,"JAMMU, JAMMU AND KASHMIR",44.99550
2001-08,"CHENNAI, TAMILNADU",44.14400
2001-08,"GANGANAGAR, RAJASTHAN",44.02900
2001-08,"SANGRUR, PUNJAB",43.99500
2001-08,"HANUMANGARH, RAJASTHAN",43.85100
2001-08,"JIND, HARYANA",43.84900
2004-06,"SIDHI, MADHAYA PRADESH",54.66000
2004-06,"REWA, MADHAYA PRADESH",53.72500
2004-06,"SATNA, MADHAYA PRADESH",52.46500
2004-06,"AMRITSAR, PUNJAB",51.22950
2004-06,"SHAHUJI M NAGAR, UTTAR PRADESH",51.11200
2004-06,"GANGANAGAR, RAJASTHAN",50.97850
2004-06,"RAE BARELI, UTTAR PRADESH",50.56250
2004-06,"UNNAO, UTTAR PRADESH",50.26000
2004-06,"LUCKNOW, UTTAR PRADESH",50.23700
2004-06,"BALRAMPUR, UTTAR PRADESH",50.08800
2007-01,"NORTH GOA, GOA",39.10100
2007-01,"SURAT, GUJARAT",37.84200
2007-01,"JHARSUGUDA, ORISSA",36.88100
2007-01,"SIMDEGA, JHARKHAND",36.74350
2007-01,"SUNDARGARH, ORISSA",36.67200
2007-01,"SAMBALPUR, ORISSA",36.45900
2007-01,"JANJGIR, CHATISGARH",36.45100
2007-01,"KOLLAM, KERALA",36.37800
2007-01,"REWA, MADHAYA PRADESH",36.28300
2007-01,"RAIGARH, CHATISGARH",36.26800
2003-05,"JHARSUGUDA, ORISSA",52.48700
2003-05,"BARGARH, ORISSA",52.23900
2003-05,"SIDHI, MADHAYA PRADESH",52.11100
2003-05,"RAIGARH, CHATISGARH",51.96200
2003-05,"BILASPUR, CHATISGARH",51.85500
2003-05,"KORBA, CHATISGARH",51.80900
2003-05,"KOWARDHA, CHATISGARH",51.70500
2003-05,"JANJGIR, CHATISGARH",51.60100
2003-05,"SUNDARGARH, ORISSA",51.50300
2003-05,"REWA, MADHAYA PRADESH",51.33700
2007-02,"NORTH GOA, GOA",39.72200
2007-02,"KHAMMAM, TELANGANA",39.07000
2007-02,"BOLANGIR, ORISSA",38.71300
2007-02,"DANTEWARA, CHATISGARH",38.53850
2007-02,"SONEPUR, ORISSA",38.45350
2007-02,"MAHASAMUND, CHATISGARH",38.19700
2007-02,"NAWAPARA, ORISSA",38.00900
2007-02,"CHITRADURGA, KARNATAKA",37.96100
2007-02,"BARGARH, ORISSA",37.77450
2007-02,"SURAT, GUJARAT",37.60800
2002-08,"BHATINDA, PUNJAB",50.99900
2002-08,"FARIDKOT, PUNJAB",50.89900
2002-08,"FEROZEPORE, PUNJAB",50.85700
2002-08,"GANGANAGAR, RAJASTHAN",50.56900
2002-08,"SANGRUR, PUNJAB",49.87600
2002-08,"AMRITSAR, PUNJAB",49.27600
2002-08,"HISSAR, HARYANA",49.25100
2002-08,"LUDHIANA, PUNJAB",49.18700
2002-08,"HANUMANGARH, RAJASTHAN",49.14500
2002-08,"SIRSA, HARYANA",48.99200
2006-11,"BARMER, RAJASTHAN",37.45900
2006-11,"JALORE, RAJASTHAN",37.06700
2006-11,"PATAN, GUJARAT",36.96100
2006-11,"BANASKANTHA, GUJARAT",36.90600
2006-11,"RAJKOT, GUJARAT",36.74100
2006-11,"KUTCH, GUJARAT",36.49400
2006-11,"SURAT, GUJARAT",36.30000
2006-11,"AMRELI, GUJARAT",36.28700
2006-11,"NALBARI, ASSAM",36.25500
2006-11,"SURENDRANAGAR, GUJARAT",36.11650
2012-06,"SIMDEGA, JHARKHAND",53.83700
2012-06,"JHARSUGUDA, ORISSA",51.09200
2012-06,"SAMBALPUR, ORISSA",50.92200
2012-06,"BHAGALPUR, BIHAR",50.77500
2012-06,"BALASORE, ORISSA",50.72900
2012-06,"UDHAMSING NAGAR, UTTARAKHAND",50.58300
2012-06,"SITAMARHI, BIHAR",50.53900
2012-06,"JAMTARA, JHARKHAND",50.52600
2012-06,"NALANDA, BIHAR",50.47100
2012-06,"BALRAMPUR, UTTAR PRADESH",50.44600
2013-07,"FEROZEPORE, PUNJAB",48.25300
2013-07,"FARIDKOT, PUNJAB",47.88200
2013-07,"GANGANAGAR, RAJASTHAN",47.85300
2013-07,"AMRITSAR, PUNJAB",46.36100
2013-07,"HANUMANGARH, RAJASTHAN",45.39100
2013-07,"JIND, HARYANA",45.31200
2013-07,"SIRSA, HARYANA",45.25200
2013-07,"SANGRUR, PUNJAB",45.21900
2013-07,"BHATINDA, PUNJAB",45.18200
2013-07,"HISSAR, HARYANA",45.00500
2003-03,"CHANDRAPUR, MAHARASHTRA",45.13350
2003-03,"SONEPUR, ORISSA",44.34900
2003-03,"GONDIA, MAHARASHTRA",44.31600
2003-03,"KHAMMAM, TELANGANA",44.26400
2003-03,"JANJGIR, CHATISGARH",44.25300
2003-03,"BHANDARA, MAHARASHTRA",44.19000
2003-03,"DURG, CHATISGARH",44.02600
2003-03,"SIDHI, MADHAYA PRADESH",44.00500
2003-03,"MANDLA, MADHAYA PRADESH",43.98450
2003-03,"DAMOH, MADHAYA PRADESH",43.86350
2009-11,"RAJKOT, GUJARAT",38.66500
2009-11,"PATAN, GUJARAT",38.54200
2009-11,"SURENDRANAGAR, GUJARAT",38.07950
2009-11,"BARMER, RAJASTHAN",38.05300
2009-11,"BANASKANTHA, GUJARAT",37.89200
2009-11,"MEHSANA, GUJARAT",37.60600
2009-11,"AMRELI, GUJARAT",37.24400
2009-11,"JALORE, RAJASTHAN",37.18650
2009-11,"AHMEDABAD, GUJARAT",37.16800
2009-11,"SURAT, GUJARAT",37.16500
2000-04,"SAMBALPUR, ORISSA",51.89500
2000-04,"JHARSUGUDA, ORISSA",51.89500
2000-04,"KORBA, CHATISGARH",51.04050
2000-04,"SUNDARGARH, ORISSA",50.63700
2000-04,"DEOGARH, ORISSA",50.60300
2000-04,"JANJGIR, CHATISGARH",50.29600
2000-04,"KHAMMAM, TELANGANA",50.14000
2000-04,"HAMIRPUR, UTTAR PRADESH",50.12500
2000-04,"JHANSI, UTTAR PRADESH",49.83650
2000-04,"THIRUVALLUR, TAMILNADU",49.60400
2000-11,"SURAT, GUJARAT",40.14200
2000-11,"SABARKANTHA, GUJARAT",38.13250
2000-11,"KAIRA/KHEDA, GUJARAT",38.05300
2000-11,"MEHSANA, GUJARAT",37.83200
2000-11,"BARODA, GUJARAT",37.81600
2000-11,"JHABUA, MADHAYA PRADESH",37.78400
2000-11,"MAHASAMUND, CHATISGARH",37.75900
2000-11,"DUNGARPUR, RAJASTHAN",37.73700
2000-11,"BANASKANTHA, GUJARAT",37.73400
2000-11,"PANCH-MAHALS, GUJARAT",37.69450
2006-01,"NORTH GOA, GOA",38.68100
2006-01,"PALAKKAD, KERALA",37.06900
2006-01,"SURAT, GUJARAT",36.35400
2006-01,"EAST GODAVARI, ANDHRA PRADESH",36.30900
2006-01,"SHIMOGA, KARNATAKA",36.22000
2006-01,"KODAGU, KARNATAKA",36.05200
2006-01,"DANTEWARA, CHATISGARH",36.03500
2006-01,"CHANDRAPUR, MAHARASHTRA",35.99950
2006-01,"KOLHAPUR, MAHARASHTRA",35.93850
2006-01,"SANGLI, MAHARASHTRA",35.89400
2012-09,"THIRUVALLUR, TAMILNADU",42.16600
2012-09,"CHENNAI, TAMILNADU",42.13700
2012-09,"GANGANAGAR, RAJASTHAN",41.97200
2012-09,"SIVAGANGA, TAMILNADU",41.44900
2012-09,"FARIDKOT, PUNJAB",41.40800
2012-09,"FEROZEPORE, PUNJAB",41.40800
2012-09,"VILLUPURAM, TAMILNADU",40.88300
2012-09,"CUDDALORE, TAMILNADU",40.81400
2012-09,"KANCHEEPURAM, TAMILNADU",40.70200
2012-09,"SAMASTIPUR, BIHAR",40.10900
2011-08,"AMRITSAR, PUNJAB",43.71550
2011-08,"GANGANAGAR, RAJASTHAN",43.49400
2011-08,"FARIDKOT, PUNJAB",42.61700
2011-08,"FEROZEPORE, PUNJAB",42.61700
2011-08,"JAISALMER, RAJASTHAN",41.58900
2011-08,"HANUMANGARH, RAJASTHAN",41.41400
2011-08,"SIRSA, HARYANA",41.41400
2011-08,"UDHAMPUR, JAMMU AND KASHMIR",41.36250
2011-08,"JAMMU, JAMMU AND KASHMIR",41.28050
2011-08,"BHATINDA, PUNJAB",41.03900
2002-02,"BARGARH, ORISSA",40.74700
2002-02,"DANTEWARA, CHATISGARH",40.37050
2002-02,"SONEPUR, ORISSA",40.30050
2002-02,"MALKANGIRI, ORISSA",40.29100
2002-02,"CHANDRAPUR, MAHARASHTRA",40.25850
2002-02,"GADCHIROLI, MAHARASHTRA",40.11550
2002-02,"JHARSUGUDA, ORISSA",40.02600
2002-02,"MAHASAMUND, CHATISGARH",39.79300
2002-02,"SANGLI, MAHARASHTRA",39.75300
2002-02,"RAIGARH, CHATISGARH",39.74600
2007-10,"CHENNAI, TAMILNADU",42.60400
2007-10,"CUDDALORE, TAMILNADU",42.25900
2007-10,"SIVAGANGA, TAMILNADU",40.85200
2007-10,"PUDUCHERRY, PUDUCHERRY",40.59000
2007-10,"SANGRUR, PUNJAB",40.37300
2007-10,"FEROZEPORE, PUNJAB",40.24200
2007-10,"KAITHAL, HARYANA",40.19650
2007-10,"FARIDKOT, PUNJAB",40.13800
2007-10,"KANCHEEPURAM, TAMILNADU",40.09800
2007-10,"AMRITSAR, PUNJAB",40.00950
2002-10,"MEHSANA, GUJARAT",44.05800
2002-10,"BARMER, RAJASTHAN",43.86400
2002-10,"GANGANAGAR, RAJASTHAN",43.63350
2002-10,"AHMEDABAD, GUJARAT",43.58000
2002-10,"FARIDKOT, PUNJAB",43.57000
2002-10,"FEROZEPORE, PUNJAB",43.56600
2002-10,"PATAN, GUJARAT",43.54400
2002-10,"BHATINDA, PUNJAB",43.06700
2002-10,"TONK, RAJASTHAN",42.85550
2002-10,"JALORE, RAJASTHAN",42.80100
2005-04,"JHARSUGUDA, ORISSA",49.58600
2005-04,"REWA, MADHAYA PRADESH",49.17200
2005-04,"SIDHI, MADHAYA PRADESH",49.07600
2005-04,"DHAMTARI, CHATISGARH",48.52800
2005-04,"SATNA, MADHAYA PRADESH",48.47500
2005-04,"SONEPUR, ORISSA",48.38200
2005-04,"SUNDARGARH, ORISSA",48.34000
2005-04,"JHANSI, UTTAR PRADESH",48.21750
2005-04,"SAMBALPUR, ORISSA",48.00300
2005-04,"SIMDEGA, JHARKHAND",47.98700
2006-12,"NORTH GOA, GOA",37.66400
2006-12,"TIRUNELVELI, TAMILNADU",36.52200
2006-12,"KOLLAM, KERALA",35.61200
2006-12,"SURAT, GUJARAT",34.98100
2006-12,"PALAKKAD, KERALA",34.91500
2006-12,"REWA, MADHAYA PRADESH",34.73200
2006-12,"KODAGU, KARNATAKA",34.42450
2006-12,"SHIMOGA, KARNATAKA",34.39050
2006-12,"SIDHI, MADHAYA PRADESH",34.30600
2006-12,"ERNAKULAM, KERALA",34.25500
2011-04,"SONBHADRA, UTTAR PRADESH",48.68750
2011-04,"KORBA, CHATISGARH",48.38650
2011-04,"JANJGIR, CHATISGARH",48.29100
2011-04,"SIDHI, MADHAYA PRADESH",48.19600
2011-04,"JHARSUGUDA, ORISSA",48.08500
2011-04,"DUNGARPUR, RAJASTHAN",47.99650
2011-04,"REWA, MADHAYA PRADESH",47.76600
2011-04,"DHENKANAL, ORISSA",47.75900
2011-04,"LALITPUR, UTTAR PRADESH",47.65250
2011-04,"BANSWARA, RAJASTHAN",47.46400
2004-01,"PALAKKAD, KERALA",37.52000
2004-01,"NORTH GOA, GOA",37.23800
2004-01,"HAVERI, KARNATAKA",36.87800
2004-01,"SURAT, GUJARAT",35.89100
2004-01,"KODAGU, KARNATAKA",35.76350
2004-01,"MANDYA, KARNATAKA",35.73150
2004-01,"MYSORE, KARNATAKA",35.56700
2004-01,"SANGLI, MAHARASHTRA",35.44200
2004-01,"DHARWAR, KARNATAKA",35.29750
2004-01,"SHIMOGA, KARNATAKA",35.27200
2011-09,"SIVAGANGA, TAMILNADU",42.58000
2011-09,"RAMANATHAPURA, TAMILNADU",39.70500
2011-09,"IMPHAL, MANIPUR",39.15400
2011-09,"CACHAR, ASSAM",39.02200
2011-09,"LOHIT, ARUNACHAL PRADESH",38.94400
2011-09,"PUDUCHERRY, PUDUCHERRY",38.80750
2011-09,"THIRUVARUR, TAMILNADU",38.64100
2011-09,"NAMAKKAL, TAMILNADU",38.62400
2011-09,"CHENNAI, TAMILNADU",38.35300
2011-09,"CUDDALORE, TAMILNADU",38.29300
2003-08,"GANGANAGAR, RAJASTHAN",47.27450
2003-08,"FEROZEPORE, PUNJAB",46.22100
2003-08,"FARIDKOT, PUNJAB",46.00800
2003-08,"AMRITSAR, PUNJAB",45.21050
2003-08,"BHATINDA, PUNJAB",44.38100
2003-08,"CHENNAI, TAMILNADU",43.53200
2003-08,"JAMMU, JAMMU AND KASHMIR",43.41000
2003-08,"SIRSA, HARYANA",43.09300
2003-08,"HANUMANGARH, RAJASTHAN",43.09300
2003-08,"THIRUVALLUR, TAMILNADU",42.87600
2013-08,"BHATINDA, PUNJAB",43.58200
2013-08,"FARIDKOT, PUNJAB",43.43700
2013-08,"FEROZEPORE, PUNJAB",43.39000
2013-08,"AMRITSAR, PUNJAB",43.04200
2013-08,"BUXAR, BIHAR",42.48200
2013-08,"GANGANAGAR, RAJASTHAN",42.16600
2013-08,"BALLIA, UTTAR PRADESH",42.10700
2013-08,"VARANASI, UTTAR PRADESH",41.82000
2013-08,"GHAZIPUR, UTTAR PRADESH",41.77800
2013-08,"BHABUA, BIHAR",41.57600
2002-01,"HAVERI, KARNATAKA",37.72200
2002-01,"NORTH GOA, GOA",37.21300
2002-01,"DHARWAR, KARNATAKA",37.16050
2002-01,"PALAKKAD, KERALA",36.67300
2002-01,"GADAG, KARNATAKA",36.65350
2002-01,"GUNTUR, ANDHRA PRADESH",35.97300
2002-01,"MANDYA, KARNATAKA",35.92900
2002-01,"DAVANAGERE, KARNATAKA",35.67250
2002-01,"KRISHNA, ANDHRA PRADESH",35.66500
2002-01,"KHAMMAM, TELANGANA",35.55950
2011-07,"GANGANAGAR, RAJASTHAN",47.98900
2011-07,"FARIDKOT, PUNJAB",47.81700
2011-07,"FEROZEPORE, PUNJAB",47.58400
2011-07,"BHATINDA, PUNJAB",46.38900
2011-07,"AMRITSAR, PUNJAB",45.79250
2011-07,"HANUMANGARH, RAJASTHAN",45.32200
2011-07,"SANGRUR, PUNJAB",45.18800
2011-07,"SIRSA, HARYANA",44.81000
2011-07,"JULLUNDAR, PUNJAB",44.36950
2011-07,"BIKANER, RAJASTHAN",43.75800
2011-10,"BARMER, RAJASTHAN",39.08500
2011-10,"AHMEDABAD, GUJARAT",38.82200
2011-10,"NAMAKKAL, TAMILNADU",38.60500
2011-10,"JALORE, RAJASTHAN",38.55850
2011-10,"HARDA, MADHAYA PRADESH",38.54850
2011-10,"SIVAGANGA, TAMILNADU",38.52100
2011-10,"BANASKANTHA, GUJARAT",38.39850
2011-10,"RAJKOT, GUJARAT",38.35500
2011-10,"RAMANATHAPURA, TAMILNADU",38.29200
2011-10,"GANGANAGAR, RAJASTHAN",38.11400
2004-12,"NORTH GOA, GOA",37.38700
2004-12,"SURAT, GUJARAT",35.48400
2004-12,"PALAKKAD, KERALA",35.18700
2004-12,"HAVERI, KARNATAKA",35.06300
2004-12,"DAVANAGERE, KARNATAKA",34.89100
2004-12,"KOLHAPUR, MAHARASHTRA",34.74800
2004-12,"DANGS, GUJARAT",34.56600
2004-12,"SHIMOGA, KARNATAKA",34.35500
2004-12,"RAJKOT, GUJARAT",34.21900
2004-12,"KODAGU, KARNATAKA",34.19900
2008-11,"NORTH GOA, GOA",38.14500
2008-11,"SIVAGANGA, TAMILNADU",38.02700
2008-11,"EAST GODAVARI, ANDHRA PRADESH",37.77800
2008-11,"PATAN, GUJARAT",37.53700
2008-11,"BARMER, RAJASTHAN",37.51300
2008-11,"BANASKANTHA, GUJARAT",37.48400
2008-11,"RAJKOT, GUJARAT",37.21700
2008-11,"RAMANATHAPURA, TAMILNADU",37.13800
2008-11,"AHMEDABAD, GUJARAT",37.12800
2008-11,"KUTCH, GUJARAT",37.09500
2004-03,"BALASORE, ORISSA",47.37600
2004-03,"GONDIA, MAHARASHTRA",47.17600
2004-03,"CUTTACK, ORISSA",46.91400
2004-03,"JANJGIR, CHATISGARH",46.63900
2004-03,"SUNDARGARH, ORISSA",46.55900
2004-03,"SIMDEGA, JHARKHAND",46.53650
2004-03,"DANTEWARA, CHATISGARH",46.47600
2004-03,"KORBA, CHATISGARH",46.43400
2004-03,"HOWRAH, WEST BENGAL",46.15200
2004-03,"SAMBALPUR, ORISSA",45.94400
2004-08,"FARIDKOT, PUNJAB",46.53700
2004-08,"GANGANAGAR, RAJASTHAN",46.26200
2004-08,"FEROZEPORE, PUNJAB",45.90200
2004-08,"BHATINDA, PUNJAB",45.85100
2004-08,"AMRITSAR, PUNJAB",45.65000
2004-08,"SIRSA, HARYANA",44.71500
2004-08,"HANUMANGARH, RAJASTHAN",44.71500
2004-08,"KAPURTHALA, PUNJAB",44.38100
2004-08,"CHENNAI, TAMILNADU",44.31100
2004-08,"AMBALA, HARYANA",44.01100
2001-02,"GUNTUR, ANDHRA PRADESH",41.40900
2001-02,"MAHASAMUND, CHATISGARH",41.38500
2001-02,"NELLORE, ANDHRA PRADESH",41.35100
2001-02,"GADCHIROLI, MAHARASHTRA",41.09000
2001-02,"HAVERI, KARNATAKA",40.93600
2001-02,"KRISHNA, ANDHRA PRADESH",40.89650
2001-02,"JAJPUR, ORISSA",40.89200
2001-02,"KHAMMAM, TELANGANA",40.81400
2001-02,"JHARSUGUDA, ORISSA",40.71600
2001-02,"SAMBALPUR, ORISSA",40.71600
2009-12,"NORTH GOA, GOA",36.44400
2009-12,"PALAKKAD, KERALA",34.47200
2009-12,"SURAT, GUJARAT",34.18300
2009-12,"THRISSUR, KERALA",34.01200
2009-12,"KODAGU, KARNATAKA",33.78250
2009-12,"ERNAKULAM, KERALA",33.71650
2009-12,"MALKANGIRI, ORISSA",33.49800
2009-12,"NANDURBAR, MAHARASHTRA",33.22200
2009-12,"SHIMOGA, KARNATAKA",33.19850
2009-12,"DANGS, GUJARAT",33.04800
2003-09,"FEROZEPORE, PUNJAB",46.32100
2003-09,"FARIDKOT, PUNJAB",46.26500
2003-09,"BHATINDA, PUNJAB",45.11500
2003-09,"GANGANAGAR, RAJASTHAN",44.48000
2003-09,"AMRITSAR, PUNJAB",44.25150
2003-09,"CHENNAI, TAMILNADU",43.85500
2003-09,"CUDDALORE, TAMILNADU",43.53200
2003-09,"SIRSA, HARYANA",43.39500
2003-09,"HANUMANGARH, RAJASTHAN",43.39500
2003-09,"VILLUPURAM, TAMILNADU",43.18800
2000-06,"REWA, MADHAYA PRADESH",51.32500
2000-06,"SATNA, MADHAYA PRADESH",51.22650
2000-06,"KORBA, CHATISGARH",50.72250
2000-06,"JANJGIR, CHATISGARH",50.41200
2000-06,"FARIDKOT, PUNJAB",50.35500
2000-06,"SIDHI, MADHAYA PRADESH",50.33600
2000-06,"FEROZEPORE, PUNJAB",50.29800
2000-06,"BILASPUR, CHATISGARH",49.57400
2000-06,"KATNI, MADHAYA PRADESH",49.24700
2000-06,"BHATINDA, PUNJAB",49.06700
2007-06,"RAIGARH, CHATISGARH",53.66700
2007-06,"KORBA, CHATISGARH",53.46150
2007-06,"JANJGIR, CHATISGARH",53.41100
2007-06,"BARGARH, ORISSA",53.00350
2007-06,"AMRITSAR, PUNJAB",52.86300
2007-06,"MAHASAMUND, CHATISGARH",52.81100
2007-06,"JHARSUGUDA, ORISSA",52.49200
2007-06,"SAMBALPUR, ORISSA",52.34300
2007-06,"SUNDARGARH, ORISSA",52.21800
2007-06,"SANGRUR, PUNJAB",52.11100
2008-07,"FARIDKOT, PUNJAB",50.33900
2008-07,"FEROZEPORE, PUNJAB",49.86400
2008-07,"AMRITSAR, PUNJAB",48.97550
2008-07,"GANGANAGAR, RAJASTHAN",47.55150
2008-07,"BHATINDA, PUNJAB",47.47500
2008-07,"HANUMANGARH, RAJASTHAN",46.88600
2008-07,"JAMMU, JAMMU AND KASHMIR",46.57000
2008-07,"SIRSA, HARYANA",46.46000
2008-07,"HISSAR, HARYANA",45.99800
2008-07,"SANGRUR, PUNJAB",45.98100
2010-05,"SIDHI, MADHAYA PRADESH",54.05600
2010-05,"MAHASAMUND, CHATISGARH",52.43300
2010-05,"JANJGIR, CHATISGARH",52.34600
2010-05,"REWA, MADHAYA PRADESH",52.15400
2010-05,"JHARSUGUDA, ORISSA",52.11000
2010-05,"GADCHIROLI, MAHARASHTRA",52.05400
2010-05,"PALAMAU, JHARKHAND",51.90300
2010-05,"SAMBALPUR, ORISSA",51.90100
2010-05,"KANPUR CITY, UTTAR PRADESH",51.50800
2010-05,"ROHTAS, BIHAR",51.44200
2003-11,"NORTH GOA, GOA",37.95000
2003-11,"AHMEDABAD, GUJARAT",37.93750
2003-11,"PATAN, GUJARAT",37.76300
2003-11,"SURENDRANAGAR, GUJARAT",37.74650
2003-11,"BARMER, RAJASTHAN",37.59100
2003-11,"SURAT, GUJARAT",37.59100
2003-11,"AMRELI, GUJARAT",37.35300
2003-11,"RAJKOT, GUJARAT",37.20300
2003-11,"BANASKANTHA, GUJARAT",37.09150
2003-11,"JALORE, RAJASTHAN",36.99700
2009-09,"FARIDKOT, PUNJAB",44.92800
2009-09,"FEROZEPORE, PUNJAB",44.70800
2009-09,"GANGANAGAR, RAJASTHAN",44.60850
2009-09,"AMRITSAR, PUNJAB",44.47350
2009-09,"BHATINDA, PUNJAB",43.88100
2009-09,"BANASKANTHA, GUJARAT",43.73350
2009-09,"CUDDALORE, TAMILNADU",43.45800
2009-09,"JALORE, RAJASTHAN",43.12550
2009-09,"HANUMANGARH, RAJASTHAN",42.94000
2009-09,"SIRSA, HARYANA",42.94000
2011-02,"MALKANGIRI, ORISSA",38.67600
2011-02,"NANDURBAR, MAHARASHTRA",38.07900
2011-02,"HAVERI, KARNATAKA",37.58200
2011-02,"GADCHIROLI, MAHARASHTRA",37.47700
2011-02,"HOWRAH, WEST BENGAL",37.29300
2011-02,"DANTEWARA, CHATISGARH",37.19150
2011-02,"CHENNAI, TAMILNADU",37.14900
2011-02,"BOLANGIR, ORISSA",37.08700
2011-02,"DANGS, GUJARAT",37.08700
2011-02,"SONEPUR, ORISSA",37.01050
2011-06,"BARMER, RAJASTHAN",50.73600
2011-06,"LALITPUR, UTTAR PRADESH",50.71700
2011-06,"RAE BARELI, UTTAR PRADESH",50.54150
2011-06,"SULTANPUR, UTTAR PRADESH",50.20300
2011-06,"BHARATPUR, RAJASTHAN",49.95800
2011-06,"JAUNPUR, UTTAR PRADESH",49.95250
2011-06,"SIKAR, RAJASTHAN",49.95000
2011-06,"AURAIYA, UTTAR PRADESH",49.89500
2011-06,"BUNDI, RAJASTHAN",49.89150
2011-06,"REWA, MADHAYA PRADESH",49.88700
2009-05,"SAMBALPUR, ORISSA",53.34700
2009-05,"JHARSUGUDA, ORISSA",53.34700
2009-05,"KORBA, CHATISGARH",53.26250
2009-05,"JANJGIR, CHATISGARH",53.07100
2009-05,"BILASPUR, CHATISGARH",52.50900
2009-05,"RAIGARH, CHATISGARH",52.29600
2009-05,"BARGARH, ORISSA",52.24800
2009-05,"SUNDARGARH, ORISSA",51.93100
2009-05,"DEOGARH, ORISSA",51.77500
2009-05,"ANGUL, ORISSA",51.75950
2013-03,"CUTTACK, ORISSA",46.74400
2013-03,"JANJGIR, CHATISGARH",46.34000
2013-03,"DHENKANAL, ORISSA",46.31000
2013-03,"SAMBALPUR, ORISSA",46.29000
2013-03,"JHARSUGUDA, ORISSA",46.29000
2013-03,"RAIGARH, CHATISGARH",45.79100
2013-03,"ANGUL, ORISSA",45.75250
2013-03,"SONEPUR, ORISSA",45.73150
2013-03,"BARGARH, ORISSA",45.69850
2013-03,"JAJPUR, ORISSA",45.64900
2007-03,"GADCHIROLI, MAHARASHTRA",46.74200
2007-03,"REWA, MADHAYA PRADESH",46.57400
2007-03,"RAIGARH, CHATISGARH",46.32000
2007-03,"SONEPUR, ORISSA",46.30050
2007-03,"JANJGIR, CHATISGARH",46.29000
2007-03,"DANTEWARA, CHATISGARH",46.26900
2007-03,"KHAMMAM, TELANGANA",46.24800
2007-03,"MALKANGIRI, ORISSA",46.21600
2007-03,"BARGARH, ORISSA",46.16450
2007-03,"SONBHADRA, UTTAR PRADESH",46.14600
2013-10,"SIVAGANGA, TAMILNADU",41.45000
2013-10,"GANGANAGAR, RAJASTHAN",40.46950
2013-10,"FEROZEPORE, PUNJAB",40.14300
2013-10,"FARIDKOT, PUNJAB",39.74500
2013-10,"RAMANATHAPURA, TAMILNADU",39.38600
2013-10,"NAMAKKAL, TAMILNADU",39.37100
2013-10,"BARMER, RAJASTHAN",38.41700
2013-10,"SALEM, TAMILNADU",38.25200
2013-10,"BHATINDA, PUNJAB",38.15400
2013-10,"AMRITSAR, PUNJAB",37.98500
2001-07,"LUDHIANA, PUNJAB",48.18250
2001-07,"BHATINDA, PUNJAB",48.01300
2001-07,"FARIDKOT, PUNJAB",47.90200
2001-07,"FEROZEPORE, PUNJAB",47.60200
2001-07,"AMRITSAR, PUNJAB",47.41050
2001-07,"JAMMU, JAMMU AND KASHMIR",47.05650
2001-07,"GURDASPUR, PUNJAB",46.78400
2001-07,"SANGRUR, PUNJAB",46.56400
2001-07,"GANGANAGAR, RAJASTHAN",45.97300
2001-07,"PATIALA, PUNJAB",45.86100
2003-04,"SONBHADRA, UTTAR PRADESH",52.43350
2003-04,"JHARSUGUDA, ORISSA",51.83300
2003-04,"JANJGIR, CHATISGARH",51.67900
2003-04,"SAMBALPUR, ORISSA",50.87400
2003-04,"S.RAVIDAS NAGAR, UTTAR PRADESH",50.56400
2003-04,"KORBA, CHATISGARH",50.43200
2003-04,"SHAHUJI M NAGAR, UTTAR PRADESH",50.41800
2003-04,"ALLAHABAD, UTTAR PRADESH",50.14150
2003-04,"FATEHPUR, UTTAR PRADESH",50.09600
2003-04,"SUNDARGARH, ORISSA",50.09400
2010-12,"NORTH GOA, GOA",35.30600
2010-12,"MALKANGIRI, ORISSA",33.11300
2010-12,"SIVAGANGA, TAMILNADU",33.07800
2010-12,"SURAT, GUJARAT",33.00300
2010-12,"PALAKKAD, KERALA",32.55200
2010-12,"RAMANATHAPURA, TAMILNADU",32.50800
2010-12,"GADCHIROLI, MAHARASHTRA",32.27200
2010-12,"NELLORE, ANDHRA PRADESH",32.25900
2010-12,"BARODA, GUJARAT",32.20450
2010-12,"RAIGARH, CHATISGARH",32.11500
2012-10,"FARIDKOT, PUNJAB",41.20800
2012-10,"BARMER, RAJASTHAN",41.18700
2012-10,"FEROZEPORE, PUNJAB",41.09900
2012-10,"CHENNAI, TAMILNADU",40.81000
2012-10,"HANUMANGARH, RAJASTHAN",40.60700
2012-10,"SIRSA, HARYANA",40.60500
2012-10,"SIVAGANGA, TAMILNADU",39.99700
2012-10,"THIRUVALLUR, TAMILNADU",39.94400
2012-10,"BHATINDA, PUNJAB",39.85300
2012-10,"GANGANAGAR, RAJASTHAN",39.68650
2003-06,"BILASPUR, CHATISGARH",54.09500
2003-06,"JANJGIR, CHATISGARH",52.99500
2003-06,"JHARSUGUDA, ORISSA",52.64200
2003-06,"KORBA, CHATISGARH",52.47800
2003-06,"SIMDEGA, JHARKHAND",52.36900
2003-06,"KOWARDHA, CHATISGARH",52.06500
2003-06,"DHENKANAL, ORISSA",51.65000
2003-06,"SAMBALPUR, ORISSA",51.62700
2003-06,"SHAHUJI M NAGAR, UTTAR PRADESH",51.39400
2003-06,"BALRAMPUR, UTTAR PRADESH",51.36700
2003-10,"BARMER, RAJASTHAN",42.92400
2003-10,"GANGANAGAR, RAJASTHAN",42.47050
2003-10,"FEROZEPORE, PUNJAB",42.30000
2003-10,"FARIDKOT, PUNJAB",42.29200
2003-10,"BANASKANTHA, GUJARAT",41.90600
2003-10,"BHATINDA, PUNJAB",41.27500
2003-10,"JALORE, RAJASTHAN",41.22550
2003-10,"PATAN, GUJARAT",40.68400
2003-10,"AHMEDABAD, GUJARAT",40.49150
2003-10,"BIKANER, RAJASTHAN",40.12600
2005-08,"FARIDKOT, PUNJAB",47.53200
2005-08,"FEROZEPORE, PUNJAB",46.00500
2005-08,"JAMMU, JAMMU AND KASHMIR",45.65900
2005-08,"AMRITSAR, PUNJAB",45.26550
2005-08,"BHATINDA, PUNJAB",45.26400
2005-08,"GANGANAGAR, RAJASTHAN",44.61800
2005-08,"LUDHIANA, PUNJAB",44.11700
2005-08,"SANGRUR, PUNJAB",43.98500
2005-08,"CHANDIGARH, CHANDIGARH",43.63600
2005-08,"SIRSA, HARYANA",43.58900
2007-11,"PATAN, GUJARAT",39.29100
2007-11,"BARMER, RAJASTHAN",38.59100
2007-11,"BANASKANTHA, GUJARAT",38.28500
2007-11,"AHMEDABAD, GUJARAT",38.27500
2007-11,"JALORE, RAJASTHAN",37.85950
2007-11,"SURENDRANAGAR, GUJARAT",37.67250
2007-11,"MEHSANA, GUJARAT",37.65800
2007-11,"KUTCH, GUJARAT",37.60400
2007-11,"BHAVNAGAR, GUJARAT",37.44500
2007-11,"RAJKOT, GUJARAT",37.35700
2011-12,"DANGS, GUJARAT",36.44600
2011-12,"RAJKOT, GUJARAT",36.10200
2011-12,"NANDURBAR, MAHARASHTRA",35.76950
2011-12,"JAMNAGAR, GUJARAT",35.53500
2011-12,"AMRELI, GUJARAT",35.28100
2011-12,"JHABUA, MADHAYA PRADESH",35.16900
2011-12,"BHAVNAGAR, GUJARAT",34.97250
2011-12,"BARODA, GUJARAT",34.94050
2011-12,"SURAT, GUJARAT",34.91300
2011-12,"HARDA, MADHAYA PRADESH",34.86550
2005-03,"SONEPUR, ORISSA",46.96400
2005-03,"JHARSUGUDA, ORISSA",45.76500
2005-03,"BOLANGIR, ORISSA",45.71500
2005-03,"CHANDRAPUR, MAHARASHTRA",45.32600
2005-03,"MALKANGIRI, ORISSA",44.90500
2005-03,"SUNDARGARH, ORISSA",44.77700
2005-03,"SIDHI, MADHAYA PRADESH",44.75300
2005-03,"KHAMMAM, TELANGANA",44.72000
2005-03,"REWA, MADHAYA PRADESH",44.40000
2005-03,"GADCHIROLI, MAHARASHTRA",44.36450
2009-04,"SAMBALPUR, ORISSA",52.94500
2009-04,"JHARSUGUDA, ORISSA",52.94500
2009-04,"JANJGIR, CHATISGARH",52.82000
2009-04,"SONEPUR, ORISSA",52.41300
2009-04,"BILASPUR, CHATISGARH",52.32500
2009-04,"SIMDEGA, JHARKHAND",51.90700
2009-04,"KORBA, CHATISGARH",51.72750
2009-04,"SUNDARGARH, ORISSA",51.40800
2009-04,"CHANDRAPUR, MAHARASHTRA",51.34600
2009-04,"BARGARH, ORISSA",51.30400
2009-03,"JHARSUGUDA, ORISSA",46.68400
2009-03,"CHANDRAPUR, MAHARASHTRA",45.14150
2009-03,"SUNDARGARH, ORISSA",44.95600
2009-03,"SONEPUR, ORISSA",44.95350
2009-03,"SAMBALPUR, ORISSA",44.84100
2009-03,"GADCHIROLI, MAHARASHTRA",44.52550
2009-03,"KHAMMAM, TELANGANA",44.46850
2009-03,"MALKANGIRI, ORISSA",44.36900
2009-03,"ADILABAD, TELANGANA",44.30500
2009-03,"DANTEWARA, CHATISGARH",44.26150
2013-01,"DHARWAR, KARNATAKA",35.67800
2013-01,"DAVANAGERE, KARNATAKA",35.52900
2013-01,"HAVERI, KARNATAKA",35.42100
2013-01,"PALAKKAD, KERALA",34.96000
2013-01,"CHANDRAPUR, MAHARASHTRA",34.89400
2013-01,"NILGIRIS, TAMILNADU",34.80750
2013-01,"SHIMOGA, KARNATAKA",34.68250
2013-01,"SALEM, TAMILNADU",34.56400
2013-01,"NAMAKKAL, TAMILNADU",34.56400
2013-01,"SANGLI, MAHARASHTRA",34.53600
2002-07,"FEROZEPORE, PUNJAB",51.31400
2002-07,"FARIDKOT, PUNJAB",51.30200
2002-07,"BHATINDA, PUNJAB",50.63300
2002-07,"AMRITSAR, PUNJAB",49.83000
2002-07,"SANGRUR, PUNJAB",49.76900
2002-07,"HANUMANGARH, RAJASTHAN",49.58800
2002-07,"SIRSA, HARYANA",49.49200
2002-07,"BALRAMPUR, UTTAR PRADESH",49.37400
2002-07,"LUDHIANA, PUNJAB",49.29800
2002-07,"GONDA, UTTAR PRADESH",48.68700
2001-09,"AMRITSAR, PUNJAB",46.84050
2001-09,"FARIDKOT, PUNJAB",46.57300
2001-09,"BHATINDA, PUNJAB",45.74500
2001-09,"FEROZEPORE, PUNJAB",45.51000
2001-09,"SANGRUR, PUNJAB",44.65700
2001-09,"CHENNAI, TAMILNADU",44.44900
2001-09,"JULLUNDAR, PUNJAB",44.17650
2001-09,"JAMMU, JAMMU AND KASHMIR",43.81500
2001-09,"LUDHIANA, PUNJAB",43.80800
2001-09,"BANASKANTHA, GUJARAT",43.70650
2008-01,"NORTH GOA, GOA",38.06500
2008-01,"PALAKKAD, KERALA",38.00500
2008-01,"TIRUNELVELI, TAMILNADU",37.31600
2008-01,"VIRUDHUNAGAR, TAMILNADU",36.90350
2008-01,"SURAT, GUJARAT",36.55900
2008-01,"KOLLAM, KERALA",36.43200
2008-01,"HAVERI, KARNATAKA",36.30600
2008-01,"DAVANAGERE, KARNATAKA",36.30400
2008-01,"CHENNAI, TAMILNADU",36.20800
2008-01,"KODAGU, KARNATAKA",35.66100
2002-05,"JHARSUGUDA, ORISSA",53.96500
2002-05,"JANJGIR, CHATISGARH",53.71700
2002-05,"SIMDEGA, JHARKHAND",53.12950
2002-05,"KORBA, CHATISGARH",52.78450
2002-05,"SUNDARGARH, ORISSA",52.45900
2002-05,"DEOGARH, ORISSA",52.19500
2002-05,"SAMBALPUR, ORISSA",52.09600
2002-05,"KOWARDHA, CHATISGARH",51.69900
2002-05,"BILASPUR, CHATISGARH",51.55100
2002-05,"SINGBHUM EAST, JHARKHAND",51.46600
2010-10,"BARMER, RAJASTHAN",42.65300
2010-10,"GANGANAGAR, RAJASTHAN",42.05900
2010-10,"JALORE, RAJASTHAN",40.34400
2010-10,"FEROZEPORE, PUNJAB",40.16300
2010-10,"SURENDRANAGAR, GUJARAT",40.04850
2010-10,"FARIDKOT, PUNJAB",40.01800
2010-10,"HANUMANGARH, RAJASTHAN",39.99400
2010-10,"SIRSA, HARYANA",39.99400
2010-10,"PATAN, GUJARAT",39.96900
2010-10,"BIKANER, RAJASTHAN",39.92500
2004-09,"FARIDKOT, PUNJAB",47.38600
2004-09,"BHATINDA, PUNJAB",47.25500
2004-09,"AMRITSAR, PUNJAB",47.05150
2004-09,"FEROZEPORE, PUNJAB",46.63000
2004-09,"SANGRUR, PUNJAB",45.04000
2004-09,"GANGANAGAR, RAJASTHAN",44.66250
2004-09,"JAMMU, JAMMU AND KASHMIR",44.56250
2004-09,"SIRSA, HARYANA",44.16400
2004-09,"HANUMANGARH, RAJASTHAN",44.16400
2004-09,"KAPURTHALA, PUNJAB",44.11050
2009-06,"SIMDEGA, JHARKHAND",51.31750
2009-06,"KORBA, CHATISGARH",51.27350
2009-06,"BILASPUR, CHATISGARH",50.98400
2009-06,"JHARSUGUDA, ORISSA",50.94800
2009-06,"BALRAMPUR, UTTAR PRADESH",50.87100
2009-06,"AURAIYA, UTTAR PRADESH",50.86900
2009-06,"AMRITSAR, PUNJAB",50.70700
2009-06,"HARDOI, UTTAR PRADESH",50.69450
2009-06,"SHAHJAHANPUR, UTTAR PRADESH",50.60900
2009-06,"PILIBHIT, UTTAR PRADESH",50.45500
2013-04,"BHANDARA, MAHARASHTRA",49.18950
2013-04,"JANJGIR, CHATISGARH",49.02000
2013-04,"DHENKANAL, ORISSA",48.97300
2013-04,"BALAGHAT, MADHAYA PRADESH",48.93000
2013-04,"CHANDRAPUR, MAHARASHTRA",48.84750
2013-04,"GONDIA, MAHARASHTRA",48.76000
2013-04,"SONEPUR, ORISSA",48.31150
2013-04,"CUTTACK, ORISSA",48.29800
2013-04,"RAIGARH, CHATISGARH",48.26200
2013-04,"BOLANGIR, ORISSA",48.24300
2012-03,"SONEPUR, ORISSA",46.07850
2012-03,"JHARSUGUDA, ORISSA",46.05200
2012-03,"JANJGIR, CHATISGARH",45.81200
2012-03,"BALASORE, ORISSA",45.79900
2012-03,"DHENKANAL, ORISSA",45.71500
2012-03,"SAMBALPUR, ORISSA",45.67800
2012-03,"CUTTACK, ORISSA",45.46900
2012-03,"GADCHIROLI, MAHARASHTRA",45.29450
2012-03,"MALKANGIRI, ORISSA",45.22000
2012-03,"GONDIA, MAHARASHTRA",44.95900
2007-04,"SATNA, MADHAYA PRADESH",51.09650
2007-04,"JANJGIR, CHATISGARH",51.06200
2007-04,"GONDIA, MAHARASHTRA",51.04100
2007-04,"GADCHIROLI, MAHARASHTRA",50.51750
2007-04,"SAMBALPUR, ORISSA",49.99200
2007-04,"JHARSUGUDA, ORISSA",49.99200
2007-04,"BHANDARA, MAHARASHTRA",49.93150
2007-04,"DAMOH, MADHAYA PRADESH",49.71200
2007-04,"KORBA, CHATISGARH",49.70850
2007-04,"SIDHI, MADHAYA PRADESH",49.45200
2008-03,"SUNDARGARH, ORISSA",44.36600
2008-03,"HARDA, MADHAYA PRADESH",44.33900
2008-03,"TIKAMGARH, MADHAYA PRADESH",44.23950
2008-03,"REWA, MADHAYA PRADESH",44.23700
2008-03,"DHENKANAL, ORISSA",44.20100
2008-03,"JHARSUGUDA, ORISSA",44.18000
2008-03,"SAMBALPUR, ORISSA",44.18000
2008-03,"SIDHI, MADHAYA PRADESH",44.15900
2008-03,"HOWRAH, WEST BENGAL",44.01400
2008-03,"LALITPUR, UTTAR PRADESH",43.97050
2009-02,"NELLORE, ANDHRA PRADESH",42.46800
2009-02,"KHAMMAM, TELANGANA",42.40400
2009-02,"EAST GODAVARI, ANDHRA PRADESH",42.21400
2009-02,"HAVERI, KARNATAKA",42.00000
2009-02,"BALASORE, ORISSA",41.92700
2009-02,"KRISHNA, ANDHRA PRADESH",41.87100
2009-02,"MALKANGIRI, ORISSA",41.70900
2009-02,"GAJAPATI, ORISSA",41.69700
2009-02,"DANTEWARA, CHATISGARH",41.52500
2009-02,"JAJPUR, ORISSA",41.49500
2008-10,"BARMER, RAJASTHAN",44.21900
2008-10,"FEROZEPORE, PUNJAB",43.88200
2008-10,"FARIDKOT, PUNJAB",43.63600
2008-10,"SIVAGANGA, TAMILNADU",42.36700
2008-10,"BANASKANTHA, GUJARAT",42.27050
2008-10,"GANGANAGAR, RAJASTHAN",42.05600
2008-10,"PATAN, GUJARAT",41.52900
2008-10,"JALORE, RAJASTHAN",41.42200
2008-10,"SIRSA, HARYANA",41.35600
2008-10,"HANUMANGARH, RAJASTHAN",41.35600
2004-07,"AMRITSAR, PUNJAB",50.10700
2004-07,"GANGANAGAR, RAJASTHAN",49.93500
2004-07,"BHATINDA, PUNJAB",49.93300
2004-07,"FARIDKOT, PUNJAB",49.46000
2004-07,"FEROZEPORE, PUNJAB",49.32700
2004-07,"BUXAR, BIHAR",48.33200
2004-07,"JAMMU, JAMMU AND KASHMIR",48.26100
2004-07,"SIRSA, HARYANA",48.13600
2004-07,"HANUMANGARH, RAJASTHAN",48.13600
2004-07,"AMBALA, HARYANA",48.12000
2006-06,"BALRAMPUR, UTTAR PRADESH",49.25200
2006-06,"SANGRUR, PUNJAB",49.11300
2006-06,"BARMER, RAJASTHAN",48.77400
2006-06,"BHATINDA, PUNJAB",48.74400
2006-06,"FEROZEPORE, PUNJAB",48.64800
2006-06,"GANGANAGAR, RAJASTHAN",48.62650
2006-06,"RAIPUR, CHATISGARH",48.60000
2006-06,"PILIBHIT, UTTAR PRADESH",48.51250
2006-06,"JHARSUGUDA, ORISSA",48.49300
2006-06,"KOWARDHA, CHATISGARH",48.40500
