Month,District_State,MinimumRelativeHumidity
2013-05,"BUNDI, RAJASTHAN",0.05166
2013-05,"BHILWARA, RAJASTHAN",0.05207
2013-05,"TONK, RAJASTHAN",0.05472
2013-05,"KOTAH, RAJASTHAN",0.05546
2013-05,"SHEOPUR, MADHAYA PRADESH",0.05632
2013-05,"SAWAI MADHOPUR, RAJASTHAN",0.05728
2013-05,"NEEMUCH, MADHAYA PRADESH",0.05788
2013-05,"BARAN, RAJASTHAN",0.05807
2013-05,"JAISALMER, RAJASTHAN",0.05886
2013-05,"PALI, RAJASTHAN",0.05928
2009-07,"JAMMU, JAMMU AND KASHMIR",0.12823
2009-07,"UDHAMPUR, JAMMU AND KASHMIR",0.13911
2009-07,"KATHUA, JAMMU AND KASHMIR",0.13920
2009-07,"GANGANAGAR, RAJASTHAN",0.14258
2009-07,"MANDI, HIMACHAL PRADESH",0.14320
2009-07,"BIKANER, RAJASTHAN",0.14802
2009-07,"GURDASPUR, PUNJAB",0.14917
2009-07,"KAPURTHALA, PUNJAB",0.15458
2009-07,"JULLUNDAR, PUNJAB",0.15513
2009-07,"CHANDIGARH, CHANDIGARH",0.15574
2002-11,"SIMLA/MAHASU, HIMACHAL PRADESH",0.08710
2002-11,"CHAMBA, HIMACHAL PRADESH",0.08799
2002-11,"MANDI, HIMACHAL PRADESH",0.09089
2002-11,"UDHAMPUR, JAMMU AND KASHMIR",0.10447
2002-11,"GARWAL PAURI, UTTARAKHAND",0.10590
2002-11,"DEHRA DUN, UTTARAKHAND",0.10596
2002-11,"KATHUA, JAMMU AND KASHMIR",0.10771
2002-11,"CHITTORGARH, RAJASTHAN",0.11000
2002-11,"NEEMUCH, MADHAYA PRADESH",0.11003
2002-11,"ALMORA, UTTARAKHAND",0.11746
2013-09,"JAISALMER, RAJASTHAN",0.16419
2013-09,"JODHPUR, RAJASTHAN",0.18920
2013-09,"BARMER, RAJASTHAN",0.20317
2013-09,"BIKANER, RAJASTHAN",0.20895
2013-09,"PALI, RAJASTHAN",0.24502
2013-09,"GANGANAGAR, RAJASTHAN",0.25391
2013-09,"NAGOUR, RAJASTHAN",0.25743
2013-09,"PITHORGARH, UTTARAKHAND",0.26503
2013-09,"CHURU, RAJASTHAN",0.26589
2013-09,"JALORE, RAJASTHAN",0.28416
2007-05,"GANGANAGAR, RAJASTHAN",0.06831
2007-05,"DELHI, NEW DELHI",0.07142
2007-05,"ROHTAK, HARYANA",0.07285
2007-05,"BHIWANI, HARYANA",0.07360
2007-05,"BAGHPAT, UTTAR PRADESH",0.07618
2007-05,"GURGAON, HARYANA",0.07653
2007-05,"GAZIABAD, UTTAR PRADESH",0.07711
2007-05,"REWARI, HARYANA",0.08048
2007-05,"MAHENDRAGARH, HARYANA",0.08049
2007-05,"BULANDSHAHR, UTTAR PRADESH",0.08324
2010-08,"JAISALMER, RAJASTHAN",0.26593
2010-08,"GANGANAGAR, RAJASTHAN",0.26612
2010-08,"BIKANER, RAJASTHAN",0.30523
2010-08,"BARMER, RAJASTHAN",0.36472
2010-08,"JODHPUR, RAJASTHAN",0.41512
2010-08,"CHURU, RAJASTHAN",0.41592
2010-08,"JAHANABAD, BIHAR",0.43424
2010-08,"FARIDKOT, PUNJAB",0.43557
2010-08,"NALANDA, BIHAR",0.43700
2010-08,"PATNA, BIHAR",0.44161
2008-02,"BARMER, RAJASTHAN",0.06916
2008-02,"PATAN, GUJARAT",0.07983
2008-02,"DUNGARPUR, RAJASTHAN",0.08097
2008-02,"BANASKANTHA, GUJARAT",0.08216
2008-02,"UDAIPUR, RAJASTHAN",0.08414
2008-02,"SIROHI, RAJASTHAN",0.08418
2008-02,"BANSWARA, RAJASTHAN",0.08508
2008-02,"NEEMUCH, MADHAYA PRADESH",0.08513
2008-02,"KAIRA/KHEDA, GUJARAT",0.08585
2008-02,"BARODA, GUJARAT",0.08713
2009-01,"NANDURBAR, MAHARASHTRA",0.16329
2009-01,"BARODA, GUJARAT",0.17177
2009-01,"BARWANI, MADHAYA PRADESH",0.17638
2009-01,"JHABUA, MADHAYA PRADESH",0.17684
2009-01,"RATLAM, MADHAYA PRADESH",0.18184
2009-01,"AKOLA, MAHARASHTRA",0.18687
2009-01,"PARBHANI, MAHARASHTRA",0.18737
2009-01,"KAIRA/KHEDA, GUJARAT",0.18916
2009-01,"BANSWARA, RAJASTHAN",0.19111
2009-01,"SANGLI, MAHARASHTRA",0.19347
2005-07,"GANGANAGAR, RAJASTHAN",0.22331
2005-07,"BIKANER, RAJASTHAN",0.27762
2005-07,"FARIDKOT, PUNJAB",0.29191
2005-07,"CHURU, RAJASTHAN",0.29837
2005-07,"JAISALMER, RAJASTHAN",0.29979
2005-07,"JAMMU, JAMMU AND KASHMIR",0.33388
2005-07,"SIKAR, RAJASTHAN",0.34345
2005-07,"NAGOUR, RAJASTHAN",0.34376
2005-07,"BHIWANI, HARYANA",0.35252
2005-07,"AMRITSAR, PUNJAB",0.35313
2005-09,"GANGANAGAR, RAJASTHAN",0.14564
2005-09,"BIKANER, RAJASTHAN",0.17970
2005-09,"LADAKH, LADAKH",0.18503
2005-09,"CHURU, RAJASTHAN",0.18995
2005-09,"FARIDKOT, PUNJAB",0.19294
2005-09,"UDHAMPUR, JAMMU AND KASHMIR",0.21467
2005-09,"NAGOUR, RAJASTHAN",0.22172
2005-09,"BHIWANI, HARYANA",0.22213
2005-09,"SANGRUR, PUNJAB",0.22585
2005-09,"JODHPUR, RAJASTHAN",0.22897
2000-05,"FIROZABAD, UTTAR PRADESH",0.05230
2000-05,"KURUKSHTRA, HARYANA",0.05318
2000-05,"PANIPAT, HARYANA",0.05431
2000-05,"BHIND, MADHAYA PRADESH",0.05498
2000-05,"BAGHPAT, UTTAR PRADESH",0.05665
2000-05,"BULANDSHAHR, UTTAR PRADESH",0.05676
2000-05,"KAITHAL, HARYANA",0.05730
2000-05,"FARIDKOT, PUNJAB",0.05742
2000-05,"GAZIABAD, UTTAR PRADESH",0.05766
2000-05,"MAHAMAYA NAGA, UTTAR PRADESH",0.05855
2001-12,"SIMLA/MAHASU, HIMACHAL PRADESH",0.11715
2001-12,"KATHUA, JAMMU AND KASHMIR",0.11835
2001-12,"MANDI, HIMACHAL PRADESH",0.12229
2001-12,"ALMORA, UTTARAKHAND",0.13454
2001-12,"GARWAL PAURI, UTTARAKHAND",0.13591
2001-12,"DEHRA DUN, UTTARAKHAND",0.13623
2001-12,"CHAMBA, HIMACHAL PRADESH",0.13856
2001-12,"SOLAN, HIMACHAL PRADESH",0.14396
2001-12,"NAINITAL, UTTARAKHAND",0.14708
2001-12,"UDHAMPUR, JAMMU AND KASHMIR",0.14890
2013-12,"PITHORGARH, UTTARAKHAND",0.07446
2013-12,"ALMORA, UTTARAKHAND",0.10510
2013-12,"KULU, HIMACHAL PRADESH",0.10936
2013-12,"LAHUL AND SPITI, HIMACHAL PRADESH",0.11782
2013-12,"NAINITAL, UTTARAKHAND",0.11907
2013-12,"KINNAUR, HIMACHAL PRADESH",0.12865
2013-12,"EAST SIKKIM, SIKKIM",0.12886
2013-12,"CHAMPAWAT, UTTARAKHAND",0.14268
2013-12,"BADGAM, JAMMU AND KASHMIR",0.14336
2013-12,"SOUTHSIKKIM, SIKKIM",0.14574
2004-05,"AMRITSAR, PUNJAB",0.05285
2004-05,"SIROHI, RAJASTHAN",0.05722
2004-05,"JALORE, RAJASTHAN",0.05866
2004-05,"FARIDKOT, PUNJAB",0.05906
2004-05,"JAMMU, JAMMU AND KASHMIR",0.05915
2004-05,"UDAIPUR, RAJASTHAN",0.05966
2004-05,"NEEMUCH, MADHAYA PRADESH",0.06123
2004-05,"KATHUA, JAMMU AND KASHMIR",0.06164
2004-05,"JHALAWAR, RAJASTHAN",0.06167
2004-05,"RAJASMAND, RAJASTHAN",0.06169
2006-07,"UDHAMPUR, JAMMU AND KASHMIR",0.19302
2006-07,"JAMMU, JAMMU AND KASHMIR",0.20220
2006-07,"GANGANAGAR, RAJASTHAN",0.20910
2006-07,"KATHUA, JAMMU AND KASHMIR",0.21499
2006-07,"JAISALMER, RAJASTHAN",0.21812
2006-07,"LADAKH, LADAKH",0.23156
2006-07,"DODA, JAMMU AND KASHMIR",0.23664
2006-07,"GURDASPUR, PUNJAB",0.23825
2006-07,"FARIDKOT, PUNJAB",0.24628
2006-07,"BIKANER, RAJASTHAN",0.24873
2010-11,"BARMER, RAJASTHAN",0.17414
2010-11,"KINNAUR, HIMACHAL PRADESH",0.18595
2010-11,"JALORE, RAJASTHAN",0.20047
2010-11,"GANGANAGAR, RAJASTHAN",0.20621
2010-11,"JAISALMER, RAJASTHAN",0.20848
2010-11,"BANASKANTHA, GUJARAT",0.20923
2010-11,"CHURU, RAJASTHAN",0.21000
2010-11,"BIKANER, RAJASTHAN",0.21490
2010-11,"JODHPUR, RAJASTHAN",0.23302
2010-11,"PATAN, GUJARAT",0.23324
2003-02,"SOUTHSIKKIM, SIKKIM",0.08858
2003-02,"RAJKOT, GUJARAT",0.12629
2003-02,"PATAN, GUJARAT",0.12651
2003-02,"SURENDRANAGAR, GUJARAT",0.12857
2003-02,"BANASKANTHA, GUJARAT",0.12892
2003-02,"KAIRA/KHEDA, GUJARAT",0.13408
2003-02,"RATLAM, MADHAYA PRADESH",0.13412
2003-02,"BANSWARA, RAJASTHAN",0.13530
2003-02,"JALORE, RAJASTHAN",0.13626
2003-02,"BARMER, RAJASTHAN",0.13896
2013-06,"FARIDKOT, PUNJAB",0.10902
2013-06,"GANGANAGAR, RAJASTHAN",0.12382
2013-06,"AMRITSAR, PUNJAB",0.12530
2013-06,"SANGRUR, PUNJAB",0.12687
2013-06,"BHIWANI, HARYANA",0.12786
2013-06,"MAHENDRAGARH, HARYANA",0.13494
2013-06,"BIKANER, RAJASTHAN",0.13604
2013-06,"SAWAI MADHOPUR, RAJASTHAN",0.13742
2013-06,"JULLUNDAR, PUNJAB",0.14299
2013-06,"CHURU, RAJASTHAN",0.14358
2001-06,"GANGANAGAR, RAJASTHAN",0.12709
2001-06,"JAMMU, JAMMU AND KASHMIR",0.14604
2001-06,"AMRITSAR, PUNJAB",0.14706
2001-06,"UDHAMPUR, JAMMU AND KASHMIR",0.15092
2001-06,"KAPURTHALA, PUNJAB",0.15249
2001-06,"GURDASPUR, PUNJAB",0.15547
2001-06,"FARIDKOT, PUNJAB",0.15850
2001-06,"JULLUNDAR, PUNJAB",0.16067
2001-06,"KATHUA, JAMMU AND KASHMIR",0.16325
2001-06,"BIKANER, RAJASTHAN",0.16678
2005-12,"UDHAMPUR, JAMMU AND KASHMIR",0.07284
2005-12,"CHAMBA, HIMACHAL PRADESH",0.07386
2005-12,"KUPWARA, JAMMU AND KASHMIR",0.07697
2005-12,"BARAMULLA, JAMMU AND KASHMIR",0.08583
2005-12,"LAHUL AND SPITI, HIMACHAL PRADESH",0.08860
2005-12,"MANDI, HIMACHAL PRADESH",0.08894
2005-12,"PITHORGARH, UTTARAKHAND",0.09197
2005-12,"KATHUA, JAMMU AND KASHMIR",0.09412
2005-12,"DODA, JAMMU AND KASHMIR",0.10225
2005-12,"BADGAM, JAMMU AND KASHMIR",0.10326
2006-05,"GANGANAGAR, RAJASTHAN",0.04850
2006-05,"BHARATPUR, RAJASTHAN",0.06774
2006-05,"DHOLPUR, RAJASTHAN",0.06909
2006-05,"BHIND, MADHAYA PRADESH",0.06915
2006-05,"MORENA, MADHAYA PRADESH",0.07070
2006-05,"KARAULI, RAJASTHAN",0.07290
2006-05,"SHEOPUR, MADHAYA PRADESH",0.07313
2006-05,"SAWAI MADHOPUR, RAJASTHAN",0.07314
2006-05,"JALAUN, UTTAR PRADESH",0.07333
2006-05,"GWALIOR, MADHAYA PRADESH",0.07425
2008-09,"JAISALMER, RAJASTHAN",0.23029
2008-09,"UDHAMPUR, JAMMU AND KASHMIR",0.23284
2008-09,"GANGANAGAR, RAJASTHAN",0.23982
2008-09,"BARMER, RAJASTHAN",0.25146
2008-09,"BARAMULLA, JAMMU AND KASHMIR",0.25204
2008-09,"DODA, JAMMU AND KASHMIR",0.25257
2008-09,"ANANTNAG, JAMMU AND KASHMIR",0.25350
2008-09,"LADAKH, LADAKH",0.26168
2008-09,"KUPWARA, JAMMU AND KASHMIR",0.26172
2008-09,"JALORE, RAJASTHAN",0.27476
2006-04,"HARDOI, UTTAR PRADESH",0.03303
2006-04,"FARRUKHABAD, UTTAR PRADESH",0.03309
2006-04,"MAINPURI, UTTAR PRADESH",0.03338
2006-04,"FIROZABAD, UTTAR PRADESH",0.03362
2006-04,"UDHAMSING NAGAR, UTTARAKHAND",0.03606
2006-04,"ETAH, UTTAR PRADESH",0.03607
2006-04,"MAHAMAYA NAGA, UTTAR PRADESH",0.03677
2006-04,"SHAHJAHANPUR, UTTAR PRADESH",0.03688
2006-04,"BHARATPUR, RAJASTHAN",0.03706
2006-04,"AURAIYA, UTTAR PRADESH",0.03714
2007-08,"GANGANAGAR, RAJASTHAN",0.22350
2007-08,"FARIDKOT, PUNJAB",0.24958
2007-08,"SANGRUR, PUNJAB",0.29158
2007-08,"BIKANER, RAJASTHAN",0.29721
2007-08,"AMRITSAR, PUNJAB",0.29929
2007-08,"JAISALMER, RAJASTHAN",0.31110
2007-08,"JAMMU, JAMMU AND KASHMIR",0.31783
2007-08,"BHIWANI, HARYANA",0.33397
2007-08,"UDHAMPUR, JAMMU AND KASHMIR",0.33591
2007-08,"FEROZEPORE, PUNJAB",0.33919
2010-02,"BARMER, RAJASTHAN",0.10171
2010-02,"PALI, RAJASTHAN",0.10653
2010-02,"JODHPUR, RAJASTHAN",0.10767
2010-02,"SURENDRANAGAR, GUJARAT",0.10812
2010-02,"PATAN, GUJARAT",0.12030
2010-02,"KAIRA/KHEDA, GUJARAT",0.12079
2010-02,"AJMER, RAJASTHAN",0.12154
2010-02,"NANDURBAR, MAHARASHTRA",0.12159
2010-02,"JALORE, RAJASTHAN",0.12160
2010-02,"DHULIA, MAHARASHTRA",0.12384
2001-05,"AMRITSAR, PUNJAB",0.05935
2001-05,"JAMMU, JAMMU AND KASHMIR",0.06318
2001-05,"KAPURTHALA, PUNJAB",0.06829
2001-05,"GURDASPUR, PUNJAB",0.07478
2001-05,"UDHAMPUR, JAMMU AND KASHMIR",0.07625
2001-05,"SOLAN, HIMACHAL PRADESH",0.07650
2001-05,"FARIDKOT, PUNJAB",0.07660
2001-05,"JULLUNDAR, PUNJAB",0.07806
2001-05,"KATHUA, JAMMU AND KASHMIR",0.07901
2001-05,"CHANDIGARH, CHANDIGARH",0.07909
2005-02,"KAIRA/KHEDA, GUJARAT",0.10803
2005-02,"DHULIA, MAHARASHTRA",0.10803
2005-02,"PATAN, GUJARAT",0.11177
2005-02,"KHARGONE, MADHAYA PRADESH",0.11192
2005-02,"BARWANI, MADHAYA PRADESH",0.11391
2005-02,"SURENDRANAGAR, GUJARAT",0.11698
2005-02,"NANDURBAR, MAHARASHTRA",0.11997
2005-02,"JALGAON, MAHARASHTRA",0.12027
2005-02,"BARODA, GUJARAT",0.12127
2005-02,"BANASKANTHA, GUJARAT",0.12231
2001-11,"MANDI, HIMACHAL PRADESH",0.10310
2001-11,"UDHAMPUR, JAMMU AND KASHMIR",0.10784
2001-11,"DEHRA DUN, UTTARAKHAND",0.11598
2001-11,"KATHUA, JAMMU AND KASHMIR",0.12193
2001-11,"GARWAL PAURI, UTTARAKHAND",0.12263
2001-11,"SIMLA/MAHASU, HIMACHAL PRADESH",0.12315
2001-11,"UDHAMSING NAGAR, UTTARAKHAND",0.12359
2001-11,"NAINITAL, UTTARAKHAND",0.12394
2001-11,"CHANDIGARH, CHANDIGARH",0.13050
2001-11,"BIJNOR, UTTAR PRADESH",0.13202
2000-08,"FARIDKOT, PUNJAB",0.22419
2000-08,"AMRITSAR, PUNJAB",0.23125
2000-08,"GANGANAGAR, RAJASTHAN",0.23619
2000-08,"JAMMU, JAMMU AND KASHMIR",0.24952
2000-08,"SANGRUR, PUNJAB",0.26304
2000-08,"PANIPAT, HARYANA",0.26413
2000-08,"ROHTAK, HARYANA",0.26862
2000-08,"BHIWANI, HARYANA",0.26866
2000-08,"KURUKSHTRA, HARYANA",0.28146
2000-08,"MAHENDRAGARH, HARYANA",0.28180
2004-04,"SHEOPUR, MADHAYA PRADESH",0.07066
2004-04,"SITAMARHI, BIHAR",0.07351
2004-04,"MORENA, MADHAYA PRADESH",0.07371
2004-04,"PANIPAT, HARYANA",0.07420
2004-04,"SAWAI MADHOPUR, RAJASTHAN",0.07443
2004-04,"BHIND, MADHAYA PRADESH",0.07445
2004-04,"FIROZABAD, UTTAR PRADESH",0.07538
2004-04,"GANGANAGAR, RAJASTHAN",0.07652
2004-04,"DHOLPUR, RAJASTHAN",0.07685
2004-04,"AURAIYA, UTTAR PRADESH",0.07707
2006-09,"JAISALMER, RAJASTHAN",0.16725
2006-09,"BIKANER, RAJASTHAN",0.18675
2006-09,"GANGANAGAR, RAJASTHAN",0.19825
2006-09,"CHURU, RAJASTHAN",0.22570
2006-09,"MANDI, HIMACHAL PRADESH",0.24038
2006-09,"UDHAMPUR, JAMMU AND KASHMIR",0.24050
2006-09,"SIKAR, RAJASTHAN",0.24184
2006-09,"KATHUA, JAMMU AND KASHMIR",0.24516
2006-09,"CHAMBA, HIMACHAL PRADESH",0.24781
2006-09,"BARAMULLA, JAMMU AND KASHMIR",0.26560
2002-04,"BUNDI, RAJASTHAN",0.03102
2002-04,"BHILWARA, RAJASTHAN",0.03306
2002-04,"TONK, RAJASTHAN",0.03543
2002-04,"AJMER, RAJASTHAN",0.03569
2002-04,"INDORE, MADHAYA PRADESH",0.03569
2002-04,"DEWAS, MADHAYA PRADESH",0.03606
2002-04,"RAJGARH, MADHAYA PRADESH",0.03728
2002-04,"UJJAIN, MADHAYA PRADESH",0.03764
2002-04,"JHALAWAR, RAJASTHAN",0.03769
2002-04,"SHAJAPUR, MADHAYA PRADESH",0.03871
2003-07,"JAMMU, JAMMU AND KASHMIR",0.11044
2003-07,"UDHAMPUR, JAMMU AND KASHMIR",0.12879
2003-07,"KATHUA, JAMMU AND KASHMIR",0.13466
2003-07,"AMRITSAR, PUNJAB",0.13605
2003-07,"GURDASPUR, PUNJAB",0.14162
2003-07,"KAPURTHALA, PUNJAB",0.14391
2003-07,"MANDI, HIMACHAL PRADESH",0.15252
2003-07,"JULLUNDAR, PUNJAB",0.15895
2003-07,"DODA, JAMMU AND KASHMIR",0.17617
2003-07,"CHAMBA, HIMACHAL PRADESH",0.17880
2010-04,"BHIND, MADHAYA PRADESH",0.06395
2010-04,"JALAUN, UTTAR PRADESH",0.06609
2010-04,"PRATAPGARH, UTTAR PRADESH",0.06901
2010-04,"DHOLPUR, RAJASTHAN",0.06983
2010-04,"VARANASI, UTTAR PRADESH",0.06997
2010-04,"S.RAVIDAS NAGAR, UTTAR PRADESH",0.07024
2010-04,"BIKANER, RAJASTHAN",0.07058
2010-04,"KODARMA, JHARKHAND",0.07058
2010-04,"SAWAI MADHOPUR, RAJASTHAN",0.07060
2010-04,"KARAULI, RAJASTHAN",0.07096
2002-03,"PATAN, GUJARAT",0.05677
2002-03,"KAIRA/KHEDA, GUJARAT",0.05772
2002-03,"PALI, RAJASTHAN",0.05986
2002-03,"UDAIPUR, RAJASTHAN",0.06072
2002-03,"SIROHI, RAJASTHAN",0.06242
2002-03,"JHALAWAR, RAJASTHAN",0.06345
2002-03,"DUNGARPUR, RAJASTHAN",0.06382
2002-03,"BARAN, RAJASTHAN",0.06383
2002-03,"BANASKANTHA, GUJARAT",0.06388
2002-03,"RAJASMAND, RAJASTHAN",0.06424
2011-05,"NAINITAL, UTTARAKHAND",0.09744
2011-05,"FARIDKOT, PUNJAB",0.09912
2011-05,"GANGANAGAR, RAJASTHAN",0.10328
2011-05,"BHARATPUR, RAJASTHAN",0.10895
2011-05,"SHAHJAHANPUR, UTTAR PRADESH",0.10992
2011-05,"PILIBHIT, UTTAR PRADESH",0.11040
2011-05,"DAUSA, RAJASTHAN",0.11068
2011-05,"CHAMPAWAT, UTTARAKHAND",0.11118
2011-05,"UDHAMSING NAGAR, UTTARAKHAND",0.11133
2011-05,"DHOLPUR, RAJASTHAN",0.11206
2000-02,"KAIRA/KHEDA, GUJARAT",0.07336
2000-02,"BARODA, GUJARAT",0.08612
2000-02,"RAJGARH, MADHAYA PRADESH",0.09623
2000-02,"SHAJAPUR, MADHAYA PRADESH",0.09669
2000-02,"JHABUA, MADHAYA PRADESH",0.09705
2000-02,"JHALAWAR, RAJASTHAN",0.09811
2000-02,"PATAN, GUJARAT",0.09954
2000-02,"UJJAIN, MADHAYA PRADESH",0.10125
2000-02,"NEEMUCH, MADHAYA PRADESH",0.10183
2000-02,"BANASKANTHA, GUJARAT",0.10215
2000-01,"OSMANABAD, MAHARASHTRA",0.11731
2000-01,"SHOLAPUR, MAHARASHTRA",0.12412
2000-01,"BIDAR, KARNATAKA",0.12518
2000-01,"BARODA, GUJARAT",0.12619
2000-01,"BHIR, MAHARASHTRA",0.12795
2000-01,"PARBHANI, MAHARASHTRA",0.12878
2000-01,"KAIRA/KHEDA, GUJARAT",0.13130
2000-01,"LATUR, MAHARASHTRA",0.13130
2000-01,"HINGOLI, MAHARASHTRA",0.13245
2000-01,"JALNA, MAHARASHTRA",0.13332
2002-12,"KINNAUR, HIMACHAL PRADESH",0.05341
2002-12,"DEHRA DUN, UTTARAKHAND",0.08696
2002-12,"GARWAL PAURI, UTTARAKHAND",0.09851
2002-12,"MANDI, HIMACHAL PRADESH",0.10186
2002-12,"UDHAMPUR, JAMMU AND KASHMIR",0.10721
2002-12,"ALMORA, UTTARAKHAND",0.10885
2002-12,"CHAMBA, HIMACHAL PRADESH",0.10893
2002-12,"SIMLA/MAHASU, HIMACHAL PRADESH",0.11514
2002-12,"NAINITAL, UTTARAKHAND",0.11847
2002-12,"UDHAMSING NAGAR, UTTARAKHAND",0.12089
2012-08,"FARIDKOT, PUNJAB",0.28429
2012-08,"GANGANAGAR, RAJASTHAN",0.30585
2012-08,"JAISALMER, RAJASTHAN",0.31412
2012-08,"SANGRUR, PUNJAB",0.34020
2012-08,"BIKANER, RAJASTHAN",0.34430
2012-08,"AMRITSAR, PUNJAB",0.36205
2012-08,"CHURU, RAJASTHAN",0.37278
2012-08,"FEROZEPORE, PUNJAB",0.37741
2012-08,"KANCHEEPURAM, TAMILNADU",0.38476
2012-08,"BHIWANI, HARYANA",0.38653
2004-02,"MANDI, HIMACHAL PRADESH",0.12155
2004-02,"RAJKOT, GUJARAT",0.12651
2004-02,"PATAN, GUJARAT",0.12819
2004-02,"PITHORGARH, UTTARAKHAND",0.12959
2004-02,"SURENDRANAGAR, GUJARAT",0.13174
2004-02,"PARBHANI, MAHARASHTRA",0.13272
2004-02,"ALMORA, UTTARAKHAND",0.13294
2004-02,"PALI, RAJASTHAN",0.13345
2004-02,"GARWAL PAURI, UTTARAKHAND",0.13431
2004-02,"NAINITAL, UTTARAKHAND",0.13468
2012-02,"BARMER, RAJASTHAN",0.08965
2012-02,"JAISALMER, RAJASTHAN",0.10048
2012-02,"BIDAR, KARNATAKA",0.10302
2012-02,"DANGS, GUJARAT",0.10317
2012-02,"NANDED, MAHARASHTRA",0.10467
2012-02,"OSMANABAD, MAHARASHTRA",0.10738
2012-02,"YEOTMAL, MAHARASHTRA",0.10808
2012-02,"LATUR, MAHARASHTRA",0.10849
2012-02,"NIZAMABAD, TELANGANA",0.11012
2012-02,"HINGOLI, MAHARASHTRA",0.11013
2006-03,"SOUTHSIKKIM, SIKKIM",0.03902
2006-03,"EAST SIKKIM, SIKKIM",0.05247
2006-03,"PATAN, GUJARAT",0.07701
2006-03,"JALORE, RAJASTHAN",0.07708
2006-03,"BANASKANTHA, GUJARAT",0.07820
2006-03,"UDHAMSING NAGAR, UTTARAKHAND",0.07902
2006-03,"KAIRA/KHEDA, GUJARAT",0.07994
2006-03,"PALI, RAJASTHAN",0.08198
2006-03,"SURENDRANAGAR, GUJARAT",0.08285
2006-03,"MADHUBANI, BIHAR",0.08330
2010-03,"NEEMUCH, MADHAYA PRADESH",0.09612
2010-03,"JHABUA, MADHAYA PRADESH",0.09697
2010-03,"GANGANAGAR, RAJASTHAN",0.09761
2010-03,"UJJAIN, MADHAYA PRADESH",0.09833
2010-03,"MORENA, MADHAYA PRADESH",0.09837
2010-03,"CHITTORGARH, RAJASTHAN",0.09892
2010-03,"LATUR, MAHARASHTRA",0.09932
2010-03,"PANNA, MADHAYA PRADESH",0.09945
2010-03,"BARODA, GUJARAT",0.09972
2010-03,"KARAULI, RAJASTHAN",0.10058
2000-07,"JAMMU, JAMMU AND KASHMIR",0.17498
2000-07,"UDHAMPUR, JAMMU AND KASHMIR",0.19329
2000-07,"KATHUA, JAMMU AND KASHMIR",0.19623
2000-07,"GURDASPUR, PUNJAB",0.20037
2000-07,"AMRITSAR, PUNJAB",0.20149
2000-07,"FARIDKOT, PUNJAB",0.20892
2000-07,"GANGANAGAR, RAJASTHAN",0.21085
2000-07,"KAPURTHALA, PUNJAB",0.22156
2000-07,"JULLUNDAR, PUNJAB",0.22610
2000-07,"SANGRUR, PUNJAB",0.23139
2001-10,"MANDI, HIMACHAL PRADESH",0.09635
2001-10,"BIKANER, RAJASTHAN",0.10732
2001-10,"JAISALMER, RAJASTHAN",0.10754
2001-10,"KAPURTHALA, PUNJAB",0.10876
2001-10,"AMRITSAR, PUNJAB",0.11271
2001-10,"UDHAMPUR, JAMMU AND KASHMIR",0.11343
2001-10,"CHURU, RAJASTHAN",0.11367
2001-10,"GANGANAGAR, RAJASTHAN",0.11506
2001-10,"BHIWANI, HARYANA",0.11594
2001-10,"JULLUNDAR, PUNJAB",0.11654
2004-11,"JODHPUR, RAJASTHAN",0.11440
2004-11,"JAISALMER, RAJASTHAN",0.11627
2004-11,"GANGANAGAR, RAJASTHAN",0.11705
2004-11,"BARMER, RAJASTHAN",0.11800
2004-11,"UDHAMPUR, JAMMU AND KASHMIR",0.11817
2004-11,"PALI, RAJASTHAN",0.12504
2004-11,"BARAMULLA, JAMMU AND KASHMIR",0.12934
2004-11,"BIKANER, RAJASTHAN",0.12967
2004-11,"JALORE, RAJASTHAN",0.13829
2004-11,"KUPWARA, JAMMU AND KASHMIR",0.13874
2007-07,"FARIDKOT, PUNJAB",0.22473
2007-07,"GANGANAGAR, RAJASTHAN",0.23447
2007-07,"SANGRUR, PUNJAB",0.23510
2007-07,"AMRITSAR, PUNJAB",0.24005
2007-07,"JAMMU, JAMMU AND KASHMIR",0.25395
2007-07,"KAITHAL, HARYANA",0.25623
2007-07,"KURUKSHTRA, HARYANA",0.26049
2007-07,"JULLUNDAR, PUNJAB",0.27140
2007-07,"CHANDIGARH, CHANDIGARH",0.27362
2007-07,"PANIPAT, HARYANA",0.27811
2012-04,"S.RAVIDAS NAGAR, UTTAR PRADESH",0.08795
2012-04,"ALLAHABAD, UTTAR PRADESH",0.08862
2012-04,"VARANASI, UTTAR PRADESH",0.09030
2012-04,"TONK, RAJASTHAN",0.09227
2012-04,"SAWAI MADHOPUR, RAJASTHAN",0.09256
2012-04,"PRATAPGARH, UTTAR PRADESH",0.09452
2012-04,"SHIVPURI, MADHAYA PRADESH",0.09551
2012-04,"BARAN, RAJASTHAN",0.09591
2012-04,"JAISALMER, RAJASTHAN",0.09717
2012-04,"JHANSI, UTTAR PRADESH",0.09825
2003-12,"DEHRA DUN, UTTARAKHAND",0.11559
2003-12,"GARWAL PAURI, UTTARAKHAND",0.13754
2003-12,"SIMLA/MAHASU, HIMACHAL PRADESH",0.13921
2003-12,"MANDI, HIMACHAL PRADESH",0.14509
2003-12,"RAJKOT, GUJARAT",0.14732
2003-12,"KINNAUR, HIMACHAL PRADESH",0.15409
2003-12,"UDHAMPUR, JAMMU AND KASHMIR",0.15755
2003-12,"BARMER, RAJASTHAN",0.16284
2003-12,"PATAN, GUJARAT",0.16604
2003-12,"SOUTHSIKKIM, SIKKIM",0.16754
2010-01,"BARMER, RAJASTHAN",0.18886
2010-01,"PALI, RAJASTHAN",0.19723
2010-01,"JALORE, RAJASTHAN",0.20250
2010-01,"JODHPUR, RAJASTHAN",0.20499
2010-01,"PATAN, GUJARAT",0.20665
2010-01,"SIROHI, RAJASTHAN",0.21012
2010-01,"RAJKOT, GUJARAT",0.21490
2010-01,"BIDAR, KARNATAKA",0.21665
2010-01,"OSMANABAD, MAHARASHTRA",0.21704
2010-01,"SURENDRANAGAR, GUJARAT",0.21753
2010-09,"GANGANAGAR, RAJASTHAN",0.19468
2010-09,"JAISALMER, RAJASTHAN",0.20924
2010-09,"BIKANER, RAJASTHAN",0.22894
2010-09,"BARMER, RAJASTHAN",0.24687
2010-09,"CHURU, RAJASTHAN",0.28409
2010-09,"UDHAMPUR, JAMMU AND KASHMIR",0.28799
2010-09,"JODHPUR, RAJASTHAN",0.29376
2010-09,"KUPWARA, JAMMU AND KASHMIR",0.30145
2010-09,"BARAMULLA, JAMMU AND KASHMIR",0.31215
2010-09,"DODA, JAMMU AND KASHMIR",0.31280
2012-05,"GONDA, UTTAR PRADESH",0.06610
2012-05,"NAINITAL, UTTARAKHAND",0.06892
2012-05,"BARA BANKI, UTTAR PRADESH",0.06962
2012-05,"BAHRAICH, UTTAR PRADESH",0.07044
2012-05,"BARMER, RAJASTHAN",0.07084
2012-05,"FAIZABAD, UTTAR PRADESH",0.07085
2012-05,"AMBEDKAR NAGAR, UTTAR PRADESH",0.07085
2012-05,"KANPUR CITY, UTTAR PRADESH",0.07164
2012-05,"UNNAO, UTTAR PRADESH",0.07180
2012-05,"SHAHJAHANPUR, UTTAR PRADESH",0.07189
2005-10,"JAISALMER, RAJASTHAN",0.11208
2005-10,"GANGANAGAR, RAJASTHAN",0.12041
2005-10,"UDHAMPUR, JAMMU AND KASHMIR",0.12462
2005-10,"BARMER, RAJASTHAN",0.13259
2005-10,"JALORE, RAJASTHAN",0.13308
2005-10,"BIKANER, RAJASTHAN",0.13703
2005-10,"BARAMULLA, JAMMU AND KASHMIR",0.13869
2005-10,"MANDI, HIMACHAL PRADESH",0.13956
2005-10,"BANASKANTHA, GUJARAT",0.14203
2005-10,"KUPWARA, JAMMU AND KASHMIR",0.14418
2006-08,"GANGANAGAR, RAJASTHAN",0.30747
2006-08,"JAISALMER, RAJASTHAN",0.33215
2006-08,"BIKANER, RAJASTHAN",0.36616
2006-08,"CHURU, RAJASTHAN",0.38420
2006-08,"FARIDKOT, PUNJAB",0.38724
2006-08,"SIVAGANGA, TAMILNADU",0.39926
2006-08,"BHIWANI, HARYANA",0.40728
2006-08,"REWARI, HARYANA",0.41321
2006-08,"CHENNAI, TAMILNADU",0.41454
2006-08,"JODHPUR, RAJASTHAN",0.41775
2008-08,"LADAKH, LADAKH",0.20684
2008-08,"GANGANAGAR, RAJASTHAN",0.24092
2008-08,"BIKANER, RAJASTHAN",0.28578
2008-08,"KARGIL, JAMMU AND KASHMIR",0.30834
2008-08,"FARIDKOT, PUNJAB",0.31630
2008-08,"CHURU, RAJASTHAN",0.31692
2008-08,"BHIWANI, HARYANA",0.34123
2008-08,"JAISALMER, RAJASTHAN",0.34830
2008-08,"NAGOUR, RAJASTHAN",0.35276
2008-08,"UDHAMPUR, JAMMU AND KASHMIR",0.35624
2009-10,"JALORE, RAJASTHAN",0.09474
2009-10,"JAISALMER, RAJASTHAN",0.09555
2009-10,"BARMER, RAJASTHAN",0.09794
2009-10,"SIROHI, RAJASTHAN",0.10449
2009-10,"JODHPUR, RAJASTHAN",0.10500
2009-10,"PATAN, GUJARAT",0.10575
2009-10,"BANASKANTHA, GUJARAT",0.10748
2009-10,"PALI, RAJASTHAN",0.10986
2009-10,"KINNAUR, HIMACHAL PRADESH",0.11223
2009-10,"GANGANAGAR, RAJASTHAN",0.11507
2001-04,"BARWANI, MADHAYA PRADESH",0.05744
2001-04,"KHARGONE, MADHAYA PRADESH",0.05802
2001-04,"BHARATPUR, RAJASTHAN",0.05938
2001-04,"INDORE, MADHAYA PRADESH",0.06057
2001-04,"DHOLPUR, RAJASTHAN",0.06115
2001-04,"MAHAMAYA NAGA, UTTAR PRADESH",0.06211
2001-04,"MORENA, MADHAYA PRADESH",0.06232
2001-04,"BHIWANI, HARYANA",0.06295
2001-04,"S.RAVIDAS NAGAR, UTTAR PRADESH",0.06332
2001-04,"BANSWARA, RAJASTHAN",0.06333
2007-12,"ALMORA, UTTARAKHAND",0.07124
2007-12,"DEHRA DUN, UTTARAKHAND",0.08897
2007-12,"GARWAL PAURI, UTTARAKHAND",0.09577
2007-12,"NAINITAL, UTTARAKHAND",0.12174
2007-12,"SIMLA/MAHASU, HIMACHAL PRADESH",0.12559
2007-12,"MANDI, HIMACHAL PRADESH",0.12945
2007-12,"PITHORGARH, UTTARAKHAND",0.13635
2007-12,"UDHAMSING NAGAR, UTTARAKHAND",0.14360
2007-12,"CHAMBA, HIMACHAL PRADESH",0.14590
2007-12,"CHAMPAWAT, UTTARAKHAND",0.14966
2005-11,"KINNAUR, HIMACHAL PRADESH",0.08348
2005-11,"UDHAMPUR, JAMMU AND KASHMIR",0.08507
2005-11,"CHAMBA, HIMACHAL PRADESH",0.08919
2005-11,"BARAMULLA, JAMMU AND KASHMIR",0.08935
2005-11,"DODA, JAMMU AND KASHMIR",0.09244
2005-11,"SIMLA/MAHASU, HIMACHAL PRADESH",0.09544
2005-11,"BADGAM, JAMMU AND KASHMIR",0.09672
2005-11,"MANDI, HIMACHAL PRADESH",0.09850
2005-11,"DEHRA DUN, UTTARAKHAND",0.11031
2005-11,"KATHUA, JAMMU AND KASHMIR",0.11081
2010-06,"CHANDIGARH, CHANDIGARH",0.09452
2010-06,"HARDOI, UTTAR PRADESH",0.09878
2010-06,"FARRUKHABAD, UTTAR PRADESH",0.09929
2010-06,"BUDAUN, UTTAR PRADESH",0.09987
2010-06,"S.RAVIDAS NAGAR, UTTAR PRADESH",0.10053
2010-06,"AMBALA, HARYANA",0.10095
2010-06,"SHAHJAHANPUR, UTTAR PRADESH",0.10098
2010-06,"PRATAPGARH, UTTAR PRADESH",0.10134
2010-06,"SOLAN, HIMACHAL PRADESH",0.10150
2010-06,"ALLAHABAD, UTTAR PRADESH",0.10229
2005-01,"DEHRA DUN, UTTARAKHAND",0.09131
2005-01,"GARWAL PAURI, UTTARAKHAND",0.09241
2005-01,"PITHORGARH, UTTARAKHAND",0.13056
2005-01,"CHAMBA, HIMACHAL PRADESH",0.14014
2005-01,"SOUTHSIKKIM, SIKKIM",0.15018
2005-01,"ALMORA, UTTARAKHAND",0.15406
2005-01,"EAST SIKKIM, SIKKIM",0.16227
2005-01,"SIMLA/MAHASU, HIMACHAL PRADESH",0.16554
2005-01,"PATAN, GUJARAT",0.16609
2005-01,"KATHUA, JAMMU AND KASHMIR",0.16747
2002-09,"UDHAMPUR, JAMMU AND KASHMIR",0.16254
2002-09,"CHURU, RAJASTHAN",0.17457
2002-09,"JAISALMER, RAJASTHAN",0.17480
2002-09,"GANGANAGAR, RAJASTHAN",0.17659
2002-09,"BIKANER, RAJASTHAN",0.18029
2002-09,"KATHUA, JAMMU AND KASHMIR",0.18035
2002-09,"AJMER, RAJASTHAN",0.18419
2002-09,"JAMMU, JAMMU AND KASHMIR",0.18632
2002-09,"MANDI, HIMACHAL PRADESH",0.19693
2002-09,"KUPWARA, JAMMU AND KASHMIR",0.19786
2004-10,"JALORE, RAJASTHAN",0.12755
2004-10,"JAISALMER, RAJASTHAN",0.13038
2004-10,"BARMER, RAJASTHAN",0.13216
2004-10,"PALI, RAJASTHAN",0.13971
2004-10,"BIKANER, RAJASTHAN",0.15003
2004-10,"SIROHI, RAJASTHAN",0.15577
2004-10,"MANDI, HIMACHAL PRADESH",0.15905
2004-10,"BANASKANTHA, GUJARAT",0.16492
2004-10,"JODHPUR, RAJASTHAN",0.16701
2004-10,"GANGANAGAR, RAJASTHAN",0.17225
2008-05,"PILIBHIT, UTTAR PRADESH",0.06231
2008-05,"CHAMPAWAT, UTTARAKHAND",0.06346
2008-05,"MORADABAD, UTTAR PRADESH",0.06672
2008-05,"NAINITAL, UTTARAKHAND",0.06681
2008-05,"J.PHULE NAGAR, UTTAR PRADESH",0.06719
2008-05,"BUDAUN, UTTAR PRADESH",0.06741
2008-05,"UDHAMSING NAGAR, UTTARAKHAND",0.06830
2008-05,"SHAHJAHANPUR, UTTAR PRADESH",0.06971
2008-05,"BIJNOR, UTTAR PRADESH",0.07183
2008-05,"MEERUT, UTTAR PRADESH",0.07214
2012-12,"SOUTHSIKKIM, SIKKIM",0.03052
2012-12,"EAST SIKKIM, SIKKIM",0.04129
2012-12,"KISHANGANJ, BIHAR",0.11941
2012-12,"PITHORGARH, UTTARAKHAND",0.14005
2012-12,"CHAMPAWAT, UTTARAKHAND",0.14946
2012-12,"NAINITAL, UTTARAKHAND",0.15147
2012-12,"GANGANAGAR, RAJASTHAN",0.15150
2012-12,"ARARIA, BIHAR",0.15220
2012-12,"KINNAUR, HIMACHAL PRADESH",0.15243
2012-12,"BHIWANI, HARYANA",0.15465
2012-07,"GANGANAGAR, RAJASTHAN",0.10807
2012-07,"FARIDKOT, PUNJAB",0.13107
2012-07,"UDHAMPUR, JAMMU AND KASHMIR",0.14833
2012-07,"FIROZABAD, UTTAR PRADESH",0.15143
2012-07,"DELHI, NEW DELHI",0.15199
2012-07,"SANGRUR, PUNJAB",0.15304
2012-07,"AMRITSAR, PUNJAB",0.15586
2012-07,"BAGHPAT, UTTAR PRADESH",0.15650
2012-07,"MAHAMAYA NAGA, UTTAR PRADESH",0.15739
2012-07,"JAMMU, JAMMU AND KASHMIR",0.15955
2000-09,"JAISALMER, RAJASTHAN",0.12966
2000-09,"GANGANAGAR, RAJASTHAN",0.13857
2000-09,"BIKANER, RAJASTHAN",0.14344
2000-09,"KARGIL, JAMMU AND KASHMIR",0.14557
2000-09,"BHIWANI, HARYANA",0.14580
2000-09,"FARIDKOT, PUNJAB",0.14620
2000-09,"CHURU, RAJASTHAN",0.14622
2000-09,"BARMER, RAJASTHAN",0.14630
2000-09,"JODHPUR, RAJASTHAN",0.14678
2000-09,"UDHAMPUR, JAMMU AND KASHMIR",0.14741
2002-06,"JAMMU, JAMMU AND KASHMIR",0.06662
2002-06,"UDHAMPUR, JAMMU AND KASHMIR",0.07619
2002-06,"KATHUA, JAMMU AND KASHMIR",0.07657
2002-06,"AMRITSAR, PUNJAB",0.08212
2002-06,"SANGRUR, PUNJAB",0.08260
2002-06,"CHANDIGARH, CHANDIGARH",0.08403
2002-06,"JULLUNDAR, PUNJAB",0.08440
2002-06,"GURDASPUR, PUNJAB",0.08560
2002-06,"KAPURTHALA, PUNJAB",0.08646
2002-06,"SOLAN, HIMACHAL PRADESH",0.08920
2011-03,"SOUTHSIKKIM, SIKKIM",0.08208
2011-03,"BHIR, MAHARASHTRA",0.08481
2011-03,"LATUR, MAHARASHTRA",0.08511
2011-03,"NANDED, MAHARASHTRA",0.08680
2011-03,"YEOTMAL, MAHARASHTRA",0.08799
2011-03,"PARBHANI, MAHARASHTRA",0.08903
2011-03,"CHURU, RAJASTHAN",0.08980
2011-03,"JALGAON, MAHARASHTRA",0.08986
2011-03,"AKOLA, MAHARASHTRA",0.08995
2011-03,"BIKANER, RAJASTHAN",0.09029
2010-07,"JAMMU, JAMMU AND KASHMIR",0.17203
2010-07,"GURDASPUR, PUNJAB",0.18297
2010-07,"KATHUA, JAMMU AND KASHMIR",0.18633
2010-07,"AMRITSAR, PUNJAB",0.18728
2010-07,"UDHAMPUR, JAMMU AND KASHMIR",0.18920
2010-07,"GANGANAGAR, RAJASTHAN",0.19185
2010-07,"FARIDKOT, PUNJAB",0.20256
2010-07,"KAPURTHALA, PUNJAB",0.20648
2010-07,"JAISALMER, RAJASTHAN",0.21541
2010-07,"SANGRUR, PUNJAB",0.22213
2006-10,"GANGANAGAR, RAJASTHAN",0.14372
2006-10,"CHURU, RAJASTHAN",0.15637
2006-10,"BHIWANI, HARYANA",0.15898
2006-10,"MAHENDRAGARH, HARYANA",0.15923
2006-10,"REWARI, HARYANA",0.16211
2006-10,"SIKAR, RAJASTHAN",0.16333
2006-10,"BIKANER, RAJASTHAN",0.16392
2006-10,"UDHAMPUR, JAMMU AND KASHMIR",0.16937
2006-10,"JODHPUR, RAJASTHAN",0.17295
2006-10,"ALWAR, RAJASTHAN",0.17581
2005-05,"ALLAHABAD, UTTAR PRADESH",0.05909
2005-05,"BHARATPUR, RAJASTHAN",0.05981
2005-05,"PRATAPGARH, UTTAR PRADESH",0.05989
2005-05,"S.RAVIDAS NAGAR, UTTAR PRADESH",0.05996
2005-05,"BHIND, MADHAYA PRADESH",0.06109
2005-05,"DHOLPUR, RAJASTHAN",0.06168
2005-05,"MORENA, MADHAYA PRADESH",0.06199
2005-05,"CHANDIGARH, CHANDIGARH",0.06235
2005-05,"FAIZABAD, UTTAR PRADESH",0.06246
2005-05,"AMBEDKAR NAGAR, UTTAR PRADESH",0.06246
2001-03,"BANASKANTHA, GUJARAT",0.06119
2001-03,"PATAN, GUJARAT",0.06147
2001-03,"SOUTHSIKKIM, SIKKIM",0.06538
2001-03,"JALORE, RAJASTHAN",0.06889
2001-03,"SAHEBGANJ, JHARKHAND",0.07026
2001-03,"NEEMUCH, MADHAYA PRADESH",0.07139
2001-03,"UDAIPUR, RAJASTHAN",0.07279
2001-03,"MALDA, WEST BENGAL",0.07287
2001-03,"CHITTORGARH, RAJASTHAN",0.07409
2001-03,"BARMER, RAJASTHAN",0.07461
2007-09,"JAISALMER, RAJASTHAN",0.16065
2007-09,"UDHAMPUR, JAMMU AND KASHMIR",0.16348
2007-09,"BARAMULLA, JAMMU AND KASHMIR",0.17490
2007-09,"JODHPUR, RAJASTHAN",0.18701
2007-09,"KUPWARA, JAMMU AND KASHMIR",0.19386
2007-09,"KATHUA, JAMMU AND KASHMIR",0.19550
2007-09,"DODA, JAMMU AND KASHMIR",0.19668
2007-09,"MANDI, HIMACHAL PRADESH",0.19690
2007-09,"BIKANER, RAJASTHAN",0.19750
2007-09,"BARMER, RAJASTHAN",0.19803
2011-01,"SOUTHSIKKIM, SIKKIM",0.06259
2011-01,"EAST SIKKIM, SIKKIM",0.07304
2011-01,"BARMER, RAJASTHAN",0.09939
2011-01,"PITHORGARH, UTTARAKHAND",0.11990
2011-01,"JAISALMER, RAJASTHAN",0.12072
2011-01,"JALORE, RAJASTHAN",0.14667
2011-01,"SIROHI, RAJASTHAN",0.17561
2011-01,"UDAIPUR, RAJASTHAN",0.17777
2011-01,"JODHPUR, RAJASTHAN",0.17990
2011-01,"DUNGARPUR, RAJASTHAN",0.18395
2013-11,"EAST SIKKIM, SIKKIM",0.08891
2013-11,"PITHORGARH, UTTARAKHAND",0.09460
2013-11,"SOUTHSIKKIM, SIKKIM",0.12179
2013-11,"NAINITAL, UTTARAKHAND",0.12942
2013-11,"KULU, HIMACHAL PRADESH",0.13008
2013-11,"KINNAUR, HIMACHAL PRADESH",0.14984
2013-11,"ALMORA, UTTARAKHAND",0.15053
2013-11,"BADGAM, JAMMU AND KASHMIR",0.15514
2013-11,"LAHUL AND SPITI, HIMACHAL PRADESH",0.17184
2013-11,"JAISALMER, RAJASTHAN",0.17533
2012-01,"PITHORGARH, UTTARAKHAND",0.10432
2012-01,"SOUTHSIKKIM, SIKKIM",0.11294
2012-01,"EAST SIKKIM, SIKKIM",0.11707
2012-01,"NAINITAL, UTTARAKHAND",0.14523
2012-01,"JAISALMER, RAJASTHAN",0.16750
2012-01,"BARMER, RAJASTHAN",0.16757
2012-01,"RANGAREDDY, TELANGANA",0.18133
2012-01,"BIDAR, KARNATAKA",0.18207
2012-01,"HYDERABAD, TELANGANA",0.18469
2012-01,"ALMORA, UTTARAKHAND",0.18547
2003-01,"DEHRA DUN, UTTARAKHAND",0.09946
2003-01,"GARWAL PAURI, UTTARAKHAND",0.11609
2003-01,"CHAMBA, HIMACHAL PRADESH",0.11704
2003-01,"UDHAMPUR, JAMMU AND KASHMIR",0.11918
2003-01,"SIMLA/MAHASU, HIMACHAL PRADESH",0.12780
2003-01,"BIDAR, KARNATAKA",0.13471
2003-01,"DODA, JAMMU AND KASHMIR",0.13929
2003-01,"BADGAM, JAMMU AND KASHMIR",0.14163
2003-01,"BARODA, GUJARAT",0.14390
2003-01,"NANDURBAR, MAHARASHTRA",0.14403
2008-06,"S.RAVIDAS NAGAR, UTTAR PRADESH",0.15317
2008-06,"LADAKH, LADAKH",0.15552
2008-06,"VARANASI, UTTAR PRADESH",0.15565
2008-06,"SONBHADRA, UTTAR PRADESH",0.15752
2008-06,"ALLAHABAD, UTTAR PRADESH",0.15806
2008-06,"PRATAPGARH, UTTAR PRADESH",0.16164
2008-06,"BHABUA, BIHAR",0.16825
2008-06,"PALAMAU, JHARKHAND",0.17102
2008-06,"RAE BARELI, UTTAR PRADESH",0.17164
2008-06,"ROHTAS, BIHAR",0.17216
2009-08,"GANGANAGAR, RAJASTHAN",0.22903
2009-08,"FARIDKOT, PUNJAB",0.23310
2009-08,"BHIWANI, HARYANA",0.27448
2009-08,"UDHAMPUR, JAMMU AND KASHMIR",0.27736
2009-08,"ROHTAK, HARYANA",0.27983
2009-08,"AMRITSAR, PUNJAB",0.28084
2009-08,"BIKANER, RAJASTHAN",0.28087
2009-08,"JAMMU, JAMMU AND KASHMIR",0.28258
2009-08,"CHURU, RAJASTHAN",0.28266
2009-08,"PANIPAT, HARYANA",0.28656
2000-12,"PALI, RAJASTHAN",0.08758
2000-12,"BARMER, RAJASTHAN",0.08797
2000-12,"JODHPUR, RAJASTHAN",0.09033
2000-12,"PATAN, GUJARAT",0.09215
2000-12,"JALORE, RAJASTHAN",0.09321
2000-12,"BANASKANTHA, GUJARAT",0.09366
2000-12,"AJMER, RAJASTHAN",0.09380
2000-12,"SIROHI, RAJASTHAN",0.09665
2000-12,"RAJASMAND, RAJASTHAN",0.09682
2000-12,"RAJKOT, GUJARAT",0.09685
2008-04,"JAHANABAD, BIHAR",0.06237
2008-04,"KOWARDHA, CHATISGARH",0.06248
2008-04,"PATNA, BIHAR",0.06264
2008-04,"SAWAI MADHOPUR, RAJASTHAN",0.06296
2008-04,"NALANDA, BIHAR",0.06305
2008-04,"BUNDI, RAJASTHAN",0.06308
2008-04,"BALLIA, UTTAR PRADESH",0.06334
2008-04,"VARANASI, UTTAR PRADESH",0.06406
2008-04,"BUXAR, BIHAR",0.06433
2008-04,"PILIBHIT, UTTAR PRADESH",0.06456
2001-01,"DEHRA DUN, UTTARAKHAND",0.08511
2001-01,"GARWAL PAURI, UTTARAKHAND",0.09534
2001-01,"KAIRA/KHEDA, GUJARAT",0.10197
2001-01,"PATAN, GUJARAT",0.10297
2001-01,"BARODA, GUJARAT",0.10351
2001-01,"RATLAM, MADHAYA PRADESH",0.10497
2001-01,"RAJKOT, GUJARAT",0.10606
2001-01,"CHAMBA, HIMACHAL PRADESH",0.10797
2001-01,"SURENDRANAGAR, GUJARAT",0.10910
2001-01,"UJJAIN, MADHAYA PRADESH",0.11101
2006-02,"SOUTHSIKKIM, SIKKIM",0.09059
2006-02,"ALMORA, UTTARAKHAND",0.10072
2006-02,"EAST SIKKIM, SIKKIM",0.11489
2006-02,"BHOPAL, MADHAYA PRADESH",0.12417
2006-02,"DEWAS, MADHAYA PRADESH",0.13201
2006-02,"PITHORGARH, UTTARAKHAND",0.13357
2006-02,"CHAMPARAN.WEST, BIHAR",0.13358
2006-02,"RAJGARH, MADHAYA PRADESH",0.13385
2006-02,"CHAMPAWAT, UTTARAKHAND",0.13419
2006-02,"INDORE, MADHAYA PRADESH",0.13460
2011-11,"BADGAM, JAMMU AND KASHMIR",0.09677
2011-11,"KUPWARA, JAMMU AND KASHMIR",0.09774
2011-11,"KINNAUR, HIMACHAL PRADESH",0.10308
2011-11,"ANANTNAG, JAMMU AND KASHMIR",0.12838
2011-11,"UDHAMPUR, JAMMU AND KASHMIR",0.13428
2011-11,"BARAMULLA, JAMMU AND KASHMIR",0.14250
2011-11,"PULWAMA, JAMMU AND KASHMIR",0.14333
2011-11,"DODA, JAMMU AND KASHMIR",0.15378
2011-11,"KULU, HIMACHAL PRADESH",0.16984
2011-11,"LAHUL AND SPITI, HIMACHAL PRADESH",0.17091
2012-11,"EAST SIKKIM, SIKKIM",0.04924
2012-11,"SOUTHSIKKIM, SIKKIM",0.05993
2012-11,"BADGAM, JAMMU AND KASHMIR",0.10586
2012-11,"PITHORGARH, UTTARAKHAND",0.10948
2012-11,"KUPWARA, JAMMU AND KASHMIR",0.11100
2012-11,"KULU, HIMACHAL PRADESH",0.11220
2012-11,"KINNAUR, HIMACHAL PRADESH",0.13230
2012-11,"BARAMULLA, JAMMU AND KASHMIR",0.13949
2012-11,"NAINITAL, UTTARAKHAND",0.14475
2012-11,"BARMER, RAJASTHAN",0.14476
2013-02,"SOUTHSIKKIM, SIKKIM",0.03037
2013-02,"EAST SIKKIM, SIKKIM",0.03837
2013-02,"KISHANGANJ, BIHAR",0.11877
2013-02,"COOCH BEHAR, WEST BENGAL",0.12524
2013-02,"DHUBRI, ASSAM",0.12798
2013-02,"ARARIA, BIHAR",0.15682
2013-02,"GOALPARA, ASSAM",0.16161
2013-02,"WEST GARO HILLS, MEGHALAYA",0.16625
2013-02,"KOKRAJHAR, ASSAM",0.16936
2013-02,"GULBARGA, KARNATAKA",0.17387
2000-10,"JALORE, RAJASTHAN",0.07291
2000-10,"UDHAMPUR, JAMMU AND KASHMIR",0.07425
2000-10,"PULWAMA, JAMMU AND KASHMIR",0.08386
2000-10,"BARMER, RAJASTHAN",0.08408
2000-10,"BADGAM, JAMMU AND KASHMIR",0.08410
2000-10,"BARAMULLA, JAMMU AND KASHMIR",0.08461
2000-10,"BANASKANTHA, GUJARAT",0.08554
2000-10,"GANGANAGAR, RAJASTHAN",0.08592
2000-10,"SIROHI, RAJASTHAN",0.08698
2000-10,"JODHPUR, RAJASTHAN",0.08918
2005-06,"NALANDA, BIHAR",0.07382
2005-06,"NAINITAL, UTTARAKHAND",0.07467
2005-06,"CHAMPAWAT, UTTARAKHAND",0.07516
2005-06,"SAMASTIPUR, BIHAR",0.07518
2005-06,"SITAMARHI, BIHAR",0.07610
2005-06,"PATNA, BIHAR",0.07621
2005-06,"JAHANABAD, BIHAR",0.07744
2005-06,"BUXAR, BIHAR",0.07902
2005-06,"MAHARAJGANJ, UTTAR PRADESH",0.07913
2005-06,"BALLIA, UTTAR PRADESH",0.07920
2008-12,"UDHAMPUR, JAMMU AND KASHMIR",0.08542
2008-12,"DODA, JAMMU AND KASHMIR",0.08947
2008-12,"BARAMULLA, JAMMU AND KASHMIR",0.09830
2008-12,"KUPWARA, JAMMU AND KASHMIR",0.10141
2008-12,"CHAMBA, HIMACHAL PRADESH",0.10479
2008-12,"ANANTNAG, JAMMU AND KASHMIR",0.10603
2008-12,"BADGAM, JAMMU AND KASHMIR",0.11069
2008-12,"PULWAMA, JAMMU AND KASHMIR",0.11242
2008-12,"KATHUA, JAMMU AND KASHMIR",0.11451
2008-12,"PITHORGARH, UTTARAKHAND",0.11810
2000-03,"NEEMUCH, MADHAYA PRADESH",0.04370
2000-03,"CHITTORGARH, RAJASTHAN",0.04494
2000-03,"KOTAH, RAJASTHAN",0.04620
2000-03,"BHILWARA, RAJASTHAN",0.04712
2000-03,"BUNDI, RAJASTHAN",0.04818
2000-03,"BARAN, RAJASTHAN",0.04822
2000-03,"BANSWARA, RAJASTHAN",0.04830
2000-03,"UDAIPUR, RAJASTHAN",0.04867
2000-03,"PATAN, GUJARAT",0.04894
2000-03,"SIROHI, RAJASTHAN",0.04942
2001-08,"UDHAMPUR, JAMMU AND KASHMIR",0.19261
2001-08,"KUPWARA, JAMMU AND KASHMIR",0.19664
2001-08,"JAMMU, JAMMU AND KASHMIR",0.20804
2001-08,"BARAMULLA, JAMMU AND KASHMIR",0.21516
2001-08,"FARIDKOT, PUNJAB",0.22987
2001-08,"LADAKH, LADAKH",0.23310
2001-08,"DODA, JAMMU AND KASHMIR",0.23808
2001-08,"GANGANAGAR, RAJASTHAN",0.24241
2001-08,"KARGIL, JAMMU AND KASHMIR",0.25236
2001-08,"ANANTNAG, JAMMU AND KASHMIR",0.25242
2004-06,"JAMMU, JAMMU AND KASHMIR",0.08334
2004-06,"AMRITSAR, PUNJAB",0.08889
2004-06,"FARIDKOT, PUNJAB",0.09463
2004-06,"SANGRUR, PUNJAB",0.09600
2004-06,"CHANDIGARH, CHANDIGARH",0.09712
2004-06,"JULLUNDAR, PUNJAB",0.09887
2004-06,"KAPURTHALA, PUNJAB",0.10199
2004-06,"UDHAMPUR, JAMMU AND KASHMIR",0.10293
2004-06,"AMBALA, HARYANA",0.10314
2004-06,"BHARATPUR, RAJASTHAN",0.10373
2007-01,"DEHRA DUN, UTTARAKHAND",0.09652
2007-01,"GARWAL PAURI, UTTARAKHAND",0.09904
2007-01,"NAINITAL, UTTARAKHAND",0.12297
2007-01,"BARMER, RAJASTHAN",0.12413
2007-01,"ALMORA, UTTARAKHAND",0.12870
2007-01,"JAISALMER, RAJASTHAN",0.13241
2007-01,"JODHPUR, RAJASTHAN",0.13426
2007-01,"UDHAMSING NAGAR, UTTARAKHAND",0.13435
2007-01,"PALI, RAJASTHAN",0.13796
2007-01,"RAJASMAND, RAJASTHAN",0.14794
2003-05,"BHARATPUR, RAJASTHAN",0.02882
2003-05,"BHIND, MADHAYA PRADESH",0.03126
2003-05,"BUNDI, RAJASTHAN",0.03732
2003-05,"DHOLPUR, RAJASTHAN",0.03740
2003-05,"TONK, RAJASTHAN",0.03796
2003-05,"MORENA, MADHAYA PRADESH",0.03904
2003-05,"SAWAI MADHOPUR, RAJASTHAN",0.03913
2003-05,"SHEOPUR, MADHAYA PRADESH",0.03959
2003-05,"KARAULI, RAJASTHAN",0.04263
2003-05,"BHILWARA, RAJASTHAN",0.04460
2007-02,"AKOLA, MAHARASHTRA",0.16546
2007-02,"GARWAL PAURI, UTTARAKHAND",0.16585
2007-02,"WASHIM, MAHARASHTRA",0.16886
2007-02,"PARBHANI, MAHARASHTRA",0.17420
2007-02,"DEHRA DUN, UTTARAKHAND",0.17789
2007-02,"BANASKANTHA, GUJARAT",0.17800
2007-02,"PATAN, GUJARAT",0.17934
2007-02,"JALNA, MAHARASHTRA",0.17962
2007-02,"YEOTMAL, MAHARASHTRA",0.18047
2007-02,"JALGAON, MAHARASHTRA",0.18216
2002-08,"UDHAMPUR, JAMMU AND KASHMIR",0.13766
2002-08,"JAMMU, JAMMU AND KASHMIR",0.13997
2002-08,"KATHUA, JAMMU AND KASHMIR",0.14998
2002-08,"GANGANAGAR, RAJASTHAN",0.15058
2002-08,"FARIDKOT, PUNJAB",0.15335
2002-08,"AMRITSAR, PUNJAB",0.16071
2002-08,"GURDASPUR, PUNJAB",0.16131
2002-08,"BIKANER, RAJASTHAN",0.16514
2002-08,"DODA, JAMMU AND KASHMIR",0.17378
2002-08,"MANDI, HIMACHAL PRADESH",0.18848
2006-11,"GARWAL PAURI, UTTARAKHAND",0.12876
2006-11,"ALMORA, UTTARAKHAND",0.12936
2006-11,"NAINITAL, UTTARAKHAND",0.14624
2006-11,"DEHRA DUN, UTTARAKHAND",0.14751
2006-11,"PITHORGARH, UTTARAKHAND",0.14804
2006-11,"SIMLA/MAHASU, HIMACHAL PRADESH",0.15175
2006-11,"MANDI, HIMACHAL PRADESH",0.16100
2006-11,"UDHAMSING NAGAR, UTTARAKHAND",0.16391
2006-11,"CHAMPAWAT, UTTARAKHAND",0.17240
2006-11,"AZAMGARH, UTTAR PRADESH",0.17637
2012-06,"CHANDIGARH, CHANDIGARH",0.08839
2012-06,"SOLAN, HIMACHAL PRADESH",0.08950
2012-06,"AMRITSAR, PUNJAB",0.09091
2012-06,"AMBALA, HARYANA",0.09239
2012-06,"JULLUNDAR, PUNJAB",0.09394
2012-06,"KAPURTHALA, PUNJAB",0.09401
2012-06,"NAINITAL, UTTARAKHAND",0.09578
2012-06,"HARDWAR, UTTARAKHAND",0.09735
2012-06,"BIJNOR, UTTAR PRADESH",0.09796
2012-06,"JAMMU, JAMMU AND KASHMIR",0.09837
2013-07,"GANGANAGAR, RAJASTHAN",0.23497
2013-07,"LADAKH, LADAKH",0.25144
2013-07,"BIKANER, RAJASTHAN",0.27167
2013-07,"FARIDKOT, PUNJAB",0.27562
2013-07,"BHIWANI, HARYANA",0.28509
2013-07,"ROHTAK, HARYANA",0.28782
2013-07,"JAISALMER, RAJASTHAN",0.28783
2013-07,"REWARI, HARYANA",0.28865
2013-07,"MAHENDRAGARH, HARYANA",0.29403
2013-07,"GURGAON, HARYANA",0.29625
2003-03,"NANDURBAR, MAHARASHTRA",0.04839
2003-03,"SURENDRANAGAR, GUJARAT",0.04865
2003-03,"PATAN, GUJARAT",0.05123
2003-03,"BANSWARA, RAJASTHAN",0.05242
2003-03,"RAJKOT, GUJARAT",0.05309
2003-03,"BANASKANTHA, GUJARAT",0.05309
2003-03,"DUNGARPUR, RAJASTHAN",0.05415
2003-03,"KAIRA/KHEDA, GUJARAT",0.05533
2003-03,"RATLAM, MADHAYA PRADESH",0.05535
2003-03,"JALGAON, MAHARASHTRA",0.05646
2009-11,"JALORE, RAJASTHAN",0.11977
2009-11,"BARMER, RAJASTHAN",0.13212
2009-11,"PALI, RAJASTHAN",0.14581
2009-11,"JODHPUR, RAJASTHAN",0.15446
2009-11,"JAISALMER, RAJASTHAN",0.15486
2009-11,"AJMER, RAJASTHAN",0.16112
2009-11,"BIKANER, RAJASTHAN",0.16341
2009-11,"CHURU, RAJASTHAN",0.16726
2009-11,"NAGOUR, RAJASTHAN",0.16845
2009-11,"PATAN, GUJARAT",0.16913
2000-04,"HARDOI, UTTAR PRADESH",0.04165
2000-04,"BARA BANKI, UTTAR PRADESH",0.04182
2000-04,"LUCKNOW, UTTAR PRADESH",0.04205
2000-04,"UNNAO, UTTAR PRADESH",0.04269
2000-04,"KANPUR CITY, UTTAR PRADESH",0.04278
2000-04,"FARRUKHABAD, UTTAR PRADESH",0.04343
2000-04,"RAE BARELI, UTTAR PRADESH",0.04389
2000-04,"AURAIYA, UTTAR PRADESH",0.04423
2000-04,"AMBEDKAR NAGAR, UTTAR PRADESH",0.04423
2000-04,"FAIZABAD, UTTAR PRADESH",0.04423
2000-11,"PATAN, GUJARAT",0.11236
2000-11,"BARMER, RAJASTHAN",0.11509
2000-11,"KINNAUR, HIMACHAL PRADESH",0.11538
2000-11,"FARIDKOT, PUNJAB",0.11611
2000-11,"GANGANAGAR, RAJASTHAN",0.11720
2000-11,"KATHUA, JAMMU AND KASHMIR",0.11816
2000-11,"MANDI, HIMACHAL PRADESH",0.11909
2000-11,"CHAMBA, HIMACHAL PRADESH",0.12311
2000-11,"JALORE, RAJASTHAN",0.12333
2000-11,"JAISALMER, RAJASTHAN",0.12424
2006-01,"PITHORGARH, UTTARAKHAND",0.03896
2006-01,"ALMORA, UTTARAKHAND",0.09290
2006-01,"BARMER, RAJASTHAN",0.09879
2006-01,"DEHRA DUN, UTTARAKHAND",0.11903
2006-01,"JODHPUR, RAJASTHAN",0.11938
2006-01,"GARWAL PAURI, UTTARAKHAND",0.12857
2006-01,"NAGOUR, RAJASTHAN",0.13513
2006-01,"SOUTHSIKKIM, SIKKIM",0.13673
2006-01,"SIMLA/MAHASU, HIMACHAL PRADESH",0.14043
2006-01,"JALORE, RAJASTHAN",0.14471
2012-09,"GANGANAGAR, RAJASTHAN",0.21773
2012-09,"CHURU, RAJASTHAN",0.22824
2012-09,"BIKANER, RAJASTHAN",0.23155
2012-09,"BHIWANI, HARYANA",0.24521
2012-09,"MAHENDRAGARH, HARYANA",0.25370
2012-09,"REWARI, HARYANA",0.25543
2012-09,"SIKAR, RAJASTHAN",0.27400
2012-09,"JAISALMER, RAJASTHAN",0.27558
2012-09,"NAGOUR, RAJASTHAN",0.27620
2012-09,"JODHPUR, RAJASTHAN",0.28154
2011-08,"LADAKH, LADAKH",0.23290
2011-08,"KARGIL, JAMMU AND KASHMIR",0.25438
2011-08,"GANGANAGAR, RAJASTHAN",0.29462
2011-08,"UDHAMPUR, JAMMU AND KASHMIR",0.37679
2011-08,"JAISALMER, RAJASTHAN",0.38507
2011-08,"FARIDKOT, PUNJAB",0.39121
2011-08,"BIKANER, RAJASTHAN",0.41941
2011-08,"FEROZEPORE, PUNJAB",0.43803
2011-08,"ANANTNAG, JAMMU AND KASHMIR",0.45047
2011-08,"CUDDALORE, TAMILNADU",0.45667
2002-02,"PATAN, GUJARAT",0.08333
2002-02,"BANASKANTHA, GUJARAT",0.08430
2002-02,"RAJKOT, GUJARAT",0.08456
2002-02,"SURENDRANAGAR, GUJARAT",0.08841
2002-02,"JALORE, RAJASTHAN",0.10227
2002-02,"BARMER, RAJASTHAN",0.10301
2002-02,"KAIRA/KHEDA, GUJARAT",0.10562
2002-02,"SIROHI, RAJASTHAN",0.10613
2002-02,"JAISALMER, RAJASTHAN",0.10775
2002-02,"UDAIPUR, RAJASTHAN",0.10858
2007-10,"KUPWARA, JAMMU AND KASHMIR",0.08544
2007-10,"BARAMULLA, JAMMU AND KASHMIR",0.08558
2007-10,"MANDI, HIMACHAL PRADESH",0.10089
2007-10,"GANGANAGAR, RAJASTHAN",0.10091
2007-10,"UDHAMPUR, JAMMU AND KASHMIR",0.10511
2007-10,"KATHUA, JAMMU AND KASHMIR",0.11463
2007-10,"JAISALMER, RAJASTHAN",0.11662
2007-10,"BHIWANI, HARYANA",0.11688
2007-10,"MAHENDRAGARH, HARYANA",0.11880
2007-10,"CHANDIGARH, CHANDIGARH",0.12026
2002-10,"BARMER, RAJASTHAN",0.09953
2002-10,"GANGANAGAR, RAJASTHAN",0.10033
2002-10,"JALORE, RAJASTHAN",0.11012
2002-10,"JAISALMER, RAJASTHAN",0.11069
2002-10,"BANASKANTHA, GUJARAT",0.11629
2002-10,"BIKANER, RAJASTHAN",0.11781
2002-10,"PATAN, GUJARAT",0.11859
2002-10,"PALI, RAJASTHAN",0.12094
2002-10,"JODHPUR, RAJASTHAN",0.12119
2002-10,"BHIWANI, HARYANA",0.12465
2005-04,"PATAN, GUJARAT",0.04001
2005-04,"BANASKANTHA, GUJARAT",0.04119
2005-04,"SURENDRANAGAR, GUJARAT",0.04179
2005-04,"KAIRA/KHEDA, GUJARAT",0.04218
2005-04,"INDORE, MADHAYA PRADESH",0.04354
2005-04,"BARODA, GUJARAT",0.04437
2005-04,"NANDURBAR, MAHARASHTRA",0.04449
2005-04,"JHABUA, MADHAYA PRADESH",0.04633
2005-04,"JALORE, RAJASTHAN",0.04674
2005-04,"BHARATPUR, RAJASTHAN",0.04720
2006-12,"ALMORA, UTTARAKHAND",0.10216
2006-12,"GARWAL PAURI, UTTARAKHAND",0.10891
2006-12,"DEHRA DUN, UTTARAKHAND",0.11448
2006-12,"NAINITAL, UTTARAKHAND",0.11865
2006-12,"CHAMPAWAT, UTTARAKHAND",0.13482
2006-12,"PITHORGARH, UTTARAKHAND",0.14017
2006-12,"SIMLA/MAHASU, HIMACHAL PRADESH",0.14356
2006-12,"MANDI, HIMACHAL PRADESH",0.14871
2006-12,"UDHAMSING NAGAR, UTTARAKHAND",0.16391
2006-12,"RAMPUR, UTTAR PRADESH",0.17210
2011-04,"JAISALMER, RAJASTHAN",0.05699
2011-04,"ALLAHABAD, UTTAR PRADESH",0.06231
2011-04,"S.RAVIDAS NAGAR, UTTAR PRADESH",0.06468
2011-04,"PRATAPGARH, UTTAR PRADESH",0.07042
2011-04,"CHAMPARAN.WEST, BIHAR",0.07071
2011-04,"VARANASI, UTTAR PRADESH",0.07187
2011-04,"NAINITAL, UTTARAKHAND",0.07367
2011-04,"AZAMGARH, UTTAR PRADESH",0.07386
2011-04,"BARMER, RAJASTHAN",0.07496
2011-04,"BHABUA, BIHAR",0.07614
2004-01,"DEHRA DUN, UTTARAKHAND",0.17064
2004-01,"ALMORA, UTTARAKHAND",0.17534
2004-01,"MANDI, HIMACHAL PRADESH",0.18185
2004-01,"GARWAL PAURI, UTTARAKHAND",0.18633
2004-01,"SIMLA/MAHASU, HIMACHAL PRADESH",0.18657
2004-01,"OSMANABAD, MAHARASHTRA",0.21213
2004-01,"PARBHANI, MAHARASHTRA",0.21830
2004-01,"SOUTHSIKKIM, SIKKIM",0.22230
2004-01,"BARMER, RAJASTHAN",0.22242
2004-01,"JALORE, RAJASTHAN",0.22551
2011-09,"ANANTNAG, JAMMU AND KASHMIR",0.29243
2011-09,"GANGANAGAR, RAJASTHAN",0.31204
2011-09,"UDHAMPUR, JAMMU AND KASHMIR",0.31287
2011-09,"BADGAM, JAMMU AND KASHMIR",0.32524
2011-09,"KUPWARA, JAMMU AND KASHMIR",0.33317
2011-09,"DODA, JAMMU AND KASHMIR",0.33926
2011-09,"PULWAMA, JAMMU AND KASHMIR",0.35403
2011-09,"KARGIL, JAMMU AND KASHMIR",0.37258
2011-09,"BARAMULLA, JAMMU AND KASHMIR",0.37434
2011-09,"LADAKH, LADAKH",0.38203
2003-08,"GANGANAGAR, RAJASTHAN",0.21007
2003-08,"UDHAMPUR, JAMMU AND KASHMIR",0.26206
2003-08,"JAMMU, JAMMU AND KASHMIR",0.26238
2003-08,"FARIDKOT, PUNJAB",0.29602
2003-08,"JAISALMER, RAJASTHAN",0.29835
2003-08,"AMRITSAR, PUNJAB",0.30440
2003-08,"KATHUA, JAMMU AND KASHMIR",0.30445
2003-08,"DODA, JAMMU AND KASHMIR",0.30782
2003-08,"LADAKH, LADAKH",0.31301
2003-08,"KUPWARA, JAMMU AND KASHMIR",0.31580
2013-08,"GANGANAGAR, RAJASTHAN",0.35965
2013-08,"JAISALMER, RAJASTHAN",0.40354
2013-08,"BIKANER, RAJASTHAN",0.41677
2013-08,"BHIWANI, HARYANA",0.42571
2013-08,"CHURU, RAJASTHAN",0.43031
2013-08,"CHENNAI, TAMILNADU",0.44309
2013-08,"REWARI, HARYANA",0.44586
2013-08,"GOPALGANJ, BIHAR",0.44636
2013-08,"MAHENDRAGARH, HARYANA",0.44800
2013-08,"THIRUVALLUR, TAMILNADU",0.44850
2002-01,"DEHRA DUN, UTTARAKHAND",0.13071
2002-01,"BARODA, GUJARAT",0.14176
2002-01,"RAJKOT, GUJARAT",0.14370
2002-01,"RATLAM, MADHAYA PRADESH",0.14430
2002-01,"BANSWARA, RAJASTHAN",0.14920
2002-01,"KAIRA/KHEDA, GUJARAT",0.15144
2002-01,"SURENDRANAGAR, GUJARAT",0.15415
2002-01,"UJJAIN, MADHAYA PRADESH",0.15606
2002-01,"BIDAR, KARNATAKA",0.15620
2002-01,"GARWAL PAURI, UTTARAKHAND",0.15638
2011-07,"GANGANAGAR, RAJASTHAN",0.20676
2011-07,"UDHAMPUR, JAMMU AND KASHMIR",0.25348
2011-07,"BIKANER, RAJASTHAN",0.27804
2011-07,"FARIDKOT, PUNJAB",0.30246
2011-07,"CHURU, RAJASTHAN",0.30744
2011-07,"JAISALMER, RAJASTHAN",0.31062
2011-07,"KATHUA, JAMMU AND KASHMIR",0.31704
2011-07,"AMRITSAR, PUNJAB",0.32648
2011-07,"JODHPUR, RAJASTHAN",0.33028
2011-07,"NAGOUR, RAJASTHAN",0.33525
2011-10,"BIKANER, RAJASTHAN",0.15241
2011-10,"KUPWARA, JAMMU AND KASHMIR",0.15306
2011-10,"UDHAMPUR, JAMMU AND KASHMIR",0.15320
2011-10,"JAISALMER, RAJASTHAN",0.15341
2011-10,"KINNAUR, HIMACHAL PRADESH",0.15430
2011-10,"PITHORGARH, UTTARAKHAND",0.16275
2011-10,"BADGAM, JAMMU AND KASHMIR",0.17337
2011-10,"EAST SIKKIM, SIKKIM",0.17411
2011-10,"BARMER, RAJASTHAN",0.17808
2011-10,"DODA, JAMMU AND KASHMIR",0.18274
2004-12,"DEHRA DUN, UTTARAKHAND",0.09284
2004-12,"GARWAL PAURI, UTTARAKHAND",0.10218
2004-12,"ALMORA, UTTARAKHAND",0.10519
2004-12,"BARAMULLA, JAMMU AND KASHMIR",0.10596
2004-12,"UDHAMPUR, JAMMU AND KASHMIR",0.10990
2004-12,"KUPWARA, JAMMU AND KASHMIR",0.11376
2004-12,"DODA, JAMMU AND KASHMIR",0.11671
2004-12,"NAINITAL, UTTARAKHAND",0.13018
2004-12,"PULWAMA, JAMMU AND KASHMIR",0.13068
2004-12,"SIMLA/MAHASU, HIMACHAL PRADESH",0.13178
2008-11,"KINNAUR, HIMACHAL PRADESH",0.06544
2008-11,"BARAMULLA, JAMMU AND KASHMIR",0.06717
2008-11,"KUPWARA, JAMMU AND KASHMIR",0.07009
2008-11,"ANANTNAG, JAMMU AND KASHMIR",0.07501
2008-11,"PULWAMA, JAMMU AND KASHMIR",0.09481
2008-11,"PITHORGARH, UTTARAKHAND",0.10420
2008-11,"BADGAM, JAMMU AND KASHMIR",0.10913
2008-11,"DODA, JAMMU AND KASHMIR",0.11230
2008-11,"UDHAMPUR, JAMMU AND KASHMIR",0.11266
2008-11,"CHAMBA, HIMACHAL PRADESH",0.13417
2004-03,"DANGS, GUJARAT",0.05362
2004-03,"NANDURBAR, MAHARASHTRA",0.05896
2004-03,"JAISALMER, RAJASTHAN",0.05954
2004-03,"NASIK, MAHARASHTRA",0.05980
2004-03,"OSMANABAD, MAHARASHTRA",0.06033
2004-03,"KAIRA/KHEDA, GUJARAT",0.06040
2004-03,"BARODA, GUJARAT",0.06099
2004-03,"GANGANAGAR, RAJASTHAN",0.06213
2004-03,"CHAMPARAN.WEST, BIHAR",0.06275
2004-03,"DHULIA, MAHARASHTRA",0.06308
2004-08,"LADAKH, LADAKH",0.19469
2004-08,"GANGANAGAR, RAJASTHAN",0.19740
2004-08,"FARIDKOT, PUNJAB",0.21549
2004-08,"UDHAMPUR, JAMMU AND KASHMIR",0.24858
2004-08,"KARGIL, JAMMU AND KASHMIR",0.25245
2004-08,"CHURU, RAJASTHAN",0.27790
2004-08,"JAMMU, JAMMU AND KASHMIR",0.28066
2004-08,"BIKANER, RAJASTHAN",0.28533
2004-08,"BHIWANI, HARYANA",0.28676
2004-08,"DODA, JAMMU AND KASHMIR",0.29381
2001-02,"DEHRA DUN, UTTARAKHAND",0.06273
2001-02,"MEDAK, TELANGANA",0.06591
2001-02,"NALGONDA, TELANGANA",0.06743
2001-02,"KARIMNAGAR, TELANGANA",0.07076
2001-02,"BIDAR, KARNATAKA",0.07217
2001-02,"NIZAMABAD, TELANGANA",0.07225
2001-02,"RANGAREDDY, TELANGANA",0.07598
2001-02,"BARMER, RAJASTHAN",0.07616
2001-02,"SURENDRANAGAR, GUJARAT",0.07622
2001-02,"MAHBUBNAGAR, TELANGANA",0.07699
2009-12,"SURENDRANAGAR, GUJARAT",0.19255
2009-12,"RAJKOT, GUJARAT",0.19372
2009-12,"JAISALMER, RAJASTHAN",0.19384
2009-12,"BARMER, RAJASTHAN",0.19669
2009-12,"PATAN, GUJARAT",0.19767
2009-12,"BANASKANTHA, GUJARAT",0.20813
2009-12,"SIROHI, RAJASTHAN",0.22564
2009-12,"JALORE, RAJASTHAN",0.22932
2009-12,"BIKANER, RAJASTHAN",0.23341
2009-12,"UDAIPUR, RAJASTHAN",0.23551
2003-09,"GANGANAGAR, RAJASTHAN",0.16990
2003-09,"MANDI, HIMACHAL PRADESH",0.17726
2003-09,"AMRITSAR, PUNJAB",0.20432
2003-09,"BIKANER, RAJASTHAN",0.21960
2003-09,"KATHUA, JAMMU AND KASHMIR",0.22376
2003-09,"LADAKH, LADAKH",0.22787
2003-09,"CHURU, RAJASTHAN",0.22925
2003-09,"GURDASPUR, PUNJAB",0.23511
2003-09,"KUPWARA, JAMMU AND KASHMIR",0.23512
2003-09,"JAISALMER, RAJASTHAN",0.24199
2000-06,"JAMMU, JAMMU AND KASHMIR",0.09803
2000-06,"GANGANAGAR, RAJASTHAN",0.10773
2000-06,"AMRITSAR, PUNJAB",0.11751
2000-06,"FARIDKOT, PUNJAB",0.11764
2000-06,"KATHUA, JAMMU AND KASHMIR",0.11819
2000-06,"GURDASPUR, PUNJAB",0.11819
2000-06,"UDHAMPUR, JAMMU AND KASHMIR",0.11990
2000-06,"SANGRUR, PUNJAB",0.12586
2000-06,"JULLUNDAR, PUNJAB",0.12983
2000-06,"KAPURTHALA, PUNJAB",0.13028
2007-06,"JAMMU, JAMMU AND KASHMIR",0.08049
2007-06,"KATHUA, JAMMU AND KASHMIR",0.09103
2007-06,"AMRITSAR, PUNJAB",0.09264
2007-06,"GURDASPUR, PUNJAB",0.09296
2007-06,"PRATAPGARH, UTTAR PRADESH",0.09920
2007-06,"ALLAHABAD, UTTAR PRADESH",0.09929
2007-06,"S.RAVIDAS NAGAR, UTTAR PRADESH",0.10132
2007-06,"KAPURTHALA, PUNJAB",0.10372
2007-06,"UDHAMPUR, JAMMU AND KASHMIR",0.10452
2007-06,"VARANASI, UTTAR PRADESH",0.10595
2008-07,"LADAKH, LADAKH",0.15281
2008-07,"GANGANAGAR, RAJASTHAN",0.19916
2008-07,"FARIDKOT, PUNJAB",0.24089
2008-07,"KARGIL, JAMMU AND KASHMIR",0.25602
2008-07,"BIKANER, RAJASTHAN",0.25637
2008-07,"CHURU, RAJASTHAN",0.27601
2008-07,"JAMMU, JAMMU AND KASHMIR",0.28770
2008-07,"AMRITSAR, PUNJAB",0.29213
2008-07,"JAISALMER, RAJASTHAN",0.29297
2008-07,"BHIWANI, HARYANA",0.30294
2010-05,"AURAIYA, UTTAR PRADESH",0.06909
2010-05,"CHANDIGARH, CHANDIGARH",0.07085
2010-05,"KAITHAL, HARYANA",0.07204
2010-05,"SANGRUR, PUNJAB",0.07264
2010-05,"KARAULI, RAJASTHAN",0.07321
2010-05,"MAU, UTTAR PRADESH",0.07402
2010-05,"HARDOI, UTTAR PRADESH",0.07450
2010-05,"KURUKSHTRA, HARYANA",0.07489
2010-05,"AMBALA, HARYANA",0.07502
2010-05,"GORAKHPUR, UTTAR PRADESH",0.07544
2003-11,"MANDI, HIMACHAL PRADESH",0.10880
2003-11,"SIMLA/MAHASU, HIMACHAL PRADESH",0.11001
2003-11,"KINNAUR, HIMACHAL PRADESH",0.11166
2003-11,"PATAN, GUJARAT",0.11301
2003-11,"SURENDRANAGAR, GUJARAT",0.12373
2003-11,"JALORE, RAJASTHAN",0.12713
2003-11,"RAJKOT, GUJARAT",0.12725
2003-11,"BARMER, RAJASTHAN",0.12834
2003-11,"BANASKANTHA, GUJARAT",0.13538
2003-11,"ALMORA, UTTARAKHAND",0.14051
2009-09,"GANGANAGAR, RAJASTHAN",0.15700
2009-09,"CHURU, RAJASTHAN",0.16399
2009-09,"BIKANER, RAJASTHAN",0.16693
2009-09,"MAHENDRAGARH, HARYANA",0.18677
2009-09,"BHIWANI, HARYANA",0.19316
2009-09,"ALWAR, RAJASTHAN",0.19613
2009-09,"JAIPUR, RAJASTHAN",0.19832
2009-09,"SIKAR, RAJASTHAN",0.19922
2009-09,"DAUSA, RAJASTHAN",0.20006
2009-09,"JALORE, RAJASTHAN",0.20359
2011-02,"EAST SIKKIM, SIKKIM",0.08366
2011-02,"SOUTHSIKKIM, SIKKIM",0.09501
2011-02,"BARMER, RAJASTHAN",0.11288
2011-02,"JAISALMER, RAJASTHAN",0.14241
2011-02,"GARWAL PAURI, UTTARAKHAND",0.14284
2011-02,"BIKANER, RAJASTHAN",0.14347
2011-02,"JALORE, RAJASTHAN",0.14802
2011-02,"DEHRA DUN, UTTARAKHAND",0.15149
2011-02,"ALMORA, UTTARAKHAND",0.15888
2011-02,"KISHANGANJ, BIHAR",0.16017
2011-06,"GANGANAGAR, RAJASTHAN",0.09549
2011-06,"BIKANER, RAJASTHAN",0.11285
2011-06,"CHURU, RAJASTHAN",0.11288
2011-06,"KARAULI, RAJASTHAN",0.11423
2011-06,"RAE BARELI, UTTAR PRADESH",0.11542
2011-06,"JODHPUR, RAJASTHAN",0.11724
2011-06,"DAUSA, RAJASTHAN",0.11787
2011-06,"JAISALMER, RAJASTHAN",0.11862
2011-06,"JAIPUR, RAJASTHAN",0.11932
2011-06,"JALAUN, UTTAR PRADESH",0.11961
2009-05,"SAGAR, MADHAYA PRADESH",0.07758
2009-05,"SHIVPURI, MADHAYA PRADESH",0.07936
2009-05,"BARAN, RAJASTHAN",0.08085
2009-05,"JABALPUR, MADHAYA PRADESH",0.08145
2009-05,"VIDISHA, MADHAYA PRADESH",0.08167
2009-05,"RAESEN, MADHAYA PRADESH",0.08225
2009-05,"BULANDSHAHR, UTTAR PRADESH",0.08233
2009-05,"GUNA, MADHAYA PRADESH",0.08252
2009-05,"ALIGARH, UTTAR PRADESH",0.08254
2009-05,"BAGHPAT, UTTAR PRADESH",0.08265
2013-03,"SOUTHSIKKIM, SIKKIM",0.06633
2013-03,"BARODA, GUJARAT",0.07518
2013-03,"EAST SIKKIM, SIKKIM",0.07650
2013-03,"NANDURBAR, MAHARASHTRA",0.08261
2013-03,"JHABUA, MADHAYA PRADESH",0.08329
2013-03,"KISHANGANJ, BIHAR",0.08730
2013-03,"BARWANI, MADHAYA PRADESH",0.08775
2013-03,"RATLAM, MADHAYA PRADESH",0.08798
2013-03,"OSMANABAD, MAHARASHTRA",0.09132
2013-03,"KHARGONE, MADHAYA PRADESH",0.09254
2007-03,"HINGOLI, MAHARASHTRA",0.09450
2007-03,"PARBHANI, MAHARASHTRA",0.09454
2007-03,"YEOTMAL, MAHARASHTRA",0.09730
2007-03,"AKOLA, MAHARASHTRA",0.09783
2007-03,"LATUR, MAHARASHTRA",0.09812
2007-03,"OSMANABAD, MAHARASHTRA",0.09880
2007-03,"INDORE, MADHAYA PRADESH",0.10027
2007-03,"NANDED, MAHARASHTRA",0.10220
2007-03,"JALNA, MAHARASHTRA",0.10271
2007-03,"WASHIM, MAHARASHTRA",0.10300
2013-10,"KINNAUR, HIMACHAL PRADESH",0.15019
2013-10,"GANGANAGAR, RAJASTHAN",0.17928
2013-10,"BIKANER, RAJASTHAN",0.19049
2013-10,"JAISALMER, RAJASTHAN",0.19224
2013-10,"PITHORGARH, UTTARAKHAND",0.19669
2013-10,"KUPWARA, JAMMU AND KASHMIR",0.20199
2013-10,"UDHAMPUR, JAMMU AND KASHMIR",0.21147
2013-10,"CHURU, RAJASTHAN",0.21769
2013-10,"BARMER, RAJASTHAN",0.22082
2013-10,"NAGOUR, RAJASTHAN",0.23905
2001-07,"LADAKH, LADAKH",0.19301
2001-07,"AMRITSAR, PUNJAB",0.20190
2001-07,"JAMMU, JAMMU AND KASHMIR",0.20724
2001-07,"KAPURTHALA, PUNJAB",0.21609
2001-07,"FARIDKOT, PUNJAB",0.21800
2001-07,"SANGRUR, PUNJAB",0.21817
2001-07,"JULLUNDAR, PUNJAB",0.22261
2001-07,"GURDASPUR, PUNJAB",0.22376
2001-07,"GANGANAGAR, RAJASTHAN",0.23389
2001-07,"KATHUA, JAMMU AND KASHMIR",0.24001
2003-04,"NEEMUCH, MADHAYA PRADESH",0.05793
2003-04,"GANGANAGAR, RAJASTHAN",0.05854
2003-04,"JODHPUR, RAJASTHAN",0.05994
2003-04,"CHITTORGARH, RAJASTHAN",0.06095
2003-04,"JAISALMER, RAJASTHAN",0.06166
2003-04,"BHILWARA, RAJASTHAN",0.06228
2003-04,"GORAKHPUR, UTTAR PRADESH",0.06367
2003-04,"MADHEPURA, BIHAR",0.06368
2003-04,"MORENA, MADHAYA PRADESH",0.06391
2003-04,"SHAJAPUR, MADHAYA PRADESH",0.06396
2010-12,"GANGANAGAR, RAJASTHAN",0.18619
2010-12,"CHURU, RAJASTHAN",0.18674
2010-12,"BARMER, RAJASTHAN",0.22517
2010-12,"SIKAR, RAJASTHAN",0.22645
2010-12,"JALORE, RAJASTHAN",0.23232
2010-12,"BIKANER, RAJASTHAN",0.23579
2010-12,"FARIDKOT, PUNJAB",0.23733
2010-12,"BANASKANTHA, GUJARAT",0.24345
2010-12,"RATLAM, MADHAYA PRADESH",0.24414
2010-12,"RAJKOT, GUJARAT",0.24609
2012-10,"EAST SIKKIM, SIKKIM",0.06844
2012-10,"SOUTHSIKKIM, SIKKIM",0.10497
2012-10,"GANGANAGAR, RAJASTHAN",0.13485
2012-10,"JAISALMER, RAJASTHAN",0.14418
2012-10,"BARMER, RAJASTHAN",0.14878
2012-10,"CHURU, RAJASTHAN",0.16087
2012-10,"JODHPUR, RAJASTHAN",0.16412
2012-10,"BIKANER, RAJASTHAN",0.16632
2012-10,"SIKAR, RAJASTHAN",0.16635
2012-10,"BHIWANI, HARYANA",0.17035
2003-06,"CHANDIGARH, CHANDIGARH",0.06020
2003-06,"AMRITSAR, PUNJAB",0.06053
2003-06,"SANGRUR, PUNJAB",0.06093
2003-06,"JAMMU, JAMMU AND KASHMIR",0.06123
2003-06,"AMBALA, HARYANA",0.06451
2003-06,"KATHUA, JAMMU AND KASHMIR",0.06623
2003-06,"JULLUNDAR, PUNJAB",0.06643
2003-06,"KAPURTHALA, PUNJAB",0.06758
2003-06,"SOLAN, HIMACHAL PRADESH",0.06781
2003-06,"UDHAMSING NAGAR, UTTARAKHAND",0.07036
2003-10,"JAISALMER, RAJASTHAN",0.10253
2003-10,"BARMER, RAJASTHAN",0.10275
2003-10,"GANGANAGAR, RAJASTHAN",0.10420
2003-10,"JALORE, RAJASTHAN",0.10434
2003-10,"MANDI, HIMACHAL PRADESH",0.10944
2003-10,"JODHPUR, RAJASTHAN",0.11268
2003-10,"SANGRUR, PUNJAB",0.12412
2003-10,"BIKANER, RAJASTHAN",0.12711
2003-10,"PALI, RAJASTHAN",0.12769
2003-10,"SIROHI, RAJASTHAN",0.12965
2005-08,"GANGANAGAR, RAJASTHAN",0.20925
2005-08,"FARIDKOT, PUNJAB",0.21723
2005-08,"BHIWANI, HARYANA",0.22855
2005-08,"ROHTAK, HARYANA",0.23750
2005-08,"PANIPAT, HARYANA",0.25257
2005-08,"MAHENDRAGARH, HARYANA",0.25573
2005-08,"REWARI, HARYANA",0.25608
2005-08,"GURGAON, HARYANA",0.25767
2005-08,"BAGHPAT, UTTAR PRADESH",0.26366
2005-08,"DELHI, NEW DELHI",0.26581
2007-11,"BARAMULLA, JAMMU AND KASHMIR",0.05544
2007-11,"KUPWARA, JAMMU AND KASHMIR",0.08492
2007-11,"BADGAM, JAMMU AND KASHMIR",0.10654
2007-11,"BARMER, RAJASTHAN",0.10826
2007-11,"UDHAMPUR, JAMMU AND KASHMIR",0.10966
2007-11,"JAISALMER, RAJASTHAN",0.11231
2007-11,"GANGANAGAR, RAJASTHAN",0.11356
2007-11,"JALORE, RAJASTHAN",0.11910
2007-11,"BIKANER, RAJASTHAN",0.12268
2007-11,"JODHPUR, RAJASTHAN",0.12530
2011-12,"KINNAUR, HIMACHAL PRADESH",0.04498
2011-12,"SOUTHSIKKIM, SIKKIM",0.05815
2011-12,"EAST SIKKIM, SIKKIM",0.05898
2011-12,"LAHUL AND SPITI, HIMACHAL PRADESH",0.08972
2011-12,"PITHORGARH, UTTARAKHAND",0.09367
2011-12,"KULU, HIMACHAL PRADESH",0.10246
2011-12,"BADGAM, JAMMU AND KASHMIR",0.10340
2011-12,"UDHAMPUR, JAMMU AND KASHMIR",0.10399
2011-12,"KUPWARA, JAMMU AND KASHMIR",0.10835
2011-12,"DODA, JAMMU AND KASHMIR",0.12248
2005-03,"PATAN, GUJARAT",0.07237
2005-03,"BANASKANTHA, GUJARAT",0.07566
2005-03,"DHULIA, MAHARASHTRA",0.07575
2005-03,"UDHAMSING NAGAR, UTTARAKHAND",0.07986
2005-03,"BARMER, RAJASTHAN",0.08067
2005-03,"JALORE, RAJASTHAN",0.08374
2005-03,"NEEMUCH, MADHAYA PRADESH",0.08395
2005-03,"KAIRA/KHEDA, GUJARAT",0.08421
2005-03,"SURENDRANAGAR, GUJARAT",0.08522
2005-03,"RATLAM, MADHAYA PRADESH",0.08527
2009-04,"SAMASTIPUR, BIHAR",0.03760
2009-04,"SAHEBGANJ, JHARKHAND",0.03789
2009-04,"SARAN, BIHAR",0.03898
2009-04,"KHAGARIA, BIHAR",0.03971
2009-04,"PATNA, BIHAR",0.03996
2009-04,"SIWAN, BIHAR",0.04021
2009-04,"NALANDA, BIHAR",0.04099
2009-04,"JAHANABAD, BIHAR",0.04109
2009-04,"CHAMPARAN.WEST, BIHAR",0.04133
2009-04,"SITAMARHI, BIHAR",0.04152
2009-03,"PALI, RAJASTHAN",0.07828
2009-03,"SIROHI, RAJASTHAN",0.08388
2009-03,"RAJASMAND, RAJASTHAN",0.08603
2009-03,"UDAIPUR, RAJASTHAN",0.08976
2009-03,"VIDISHA, MADHAYA PRADESH",0.09014
2009-03,"JODHPUR, RAJASTHAN",0.09099
2009-03,"JALORE, RAJASTHAN",0.09167
2009-03,"BHOPAL, MADHAYA PRADESH",0.09350
2009-03,"RAJGARH, MADHAYA PRADESH",0.09360
2009-03,"BANASKANTHA, GUJARAT",0.09609
2013-01,"SOUTHSIKKIM, SIKKIM",0.02802
2013-01,"EAST SIKKIM, SIKKIM",0.03382
2013-01,"KINNAUR, HIMACHAL PRADESH",0.07169
2013-01,"PITHORGARH, UTTARAKHAND",0.09419
2013-01,"KISHANGANJ, BIHAR",0.10726
2013-01,"COOCH BEHAR, WEST BENGAL",0.11859
2013-01,"ARARIA, BIHAR",0.12408
2013-01,"KUPWARA, JAMMU AND KASHMIR",0.12718
2013-01,"DHUBRI, ASSAM",0.13714
2013-01,"BIRBHUM, WEST BENGAL",0.16303
2002-07,"JAMMU, JAMMU AND KASHMIR",0.08588
2002-07,"UDHAMPUR, JAMMU AND KASHMIR",0.09965
2002-07,"AMRITSAR, PUNJAB",0.10812
2002-07,"KATHUA, JAMMU AND KASHMIR",0.10842
2002-07,"GURDASPUR, PUNJAB",0.12080
2002-07,"KAPURTHALA, PUNJAB",0.12500
2002-07,"FARIDKOT, PUNJAB",0.12826
2002-07,"JULLUNDAR, PUNJAB",0.12925
2002-07,"SOLAN, HIMACHAL PRADESH",0.13639
2002-07,"DODA, JAMMU AND KASHMIR",0.13668
2001-09,"GANGANAGAR, RAJASTHAN",0.10692
2001-09,"JAISALMER, RAJASTHAN",0.12010
2001-09,"BIKANER, RAJASTHAN",0.13096
2001-09,"JODHPUR, RAJASTHAN",0.13208
2001-09,"BHIWANI, HARYANA",0.13298
2001-09,"FARIDKOT, PUNJAB",0.13347
2001-09,"MANDI, HIMACHAL PRADESH",0.13578
2001-09,"MAHENDRAGARH, HARYANA",0.13778
2001-09,"CHURU, RAJASTHAN",0.13864
2001-09,"REWARI, HARYANA",0.14082
2008-01,"DEHRA DUN, UTTARAKHAND",0.08176
2008-01,"GARWAL PAURI, UTTARAKHAND",0.08885
2008-01,"SOUTHSIKKIM, SIKKIM",0.09316
2008-01,"BARMER, RAJASTHAN",0.10152
2008-01,"UDHAMSING NAGAR, UTTARAKHAND",0.10232
2008-01,"UDHAMPUR, JAMMU AND KASHMIR",0.10786
2008-01,"ALMORA, UTTARAKHAND",0.11079
2008-01,"BIJNOR, UTTAR PRADESH",0.11586
2008-01,"JAISALMER, RAJASTHAN",0.11613
2008-01,"JALORE, RAJASTHAN",0.11663
2002-05,"MAHAMAYA NAGA, UTTAR PRADESH",0.03772
2002-05,"GANGANAGAR, RAJASTHAN",0.03932
2002-05,"AMRITSAR, PUNJAB",0.03953
2002-05,"PILIBHIT, UTTAR PRADESH",0.03970
2002-05,"ROHTAK, HARYANA",0.03998
2002-05,"FARIDKOT, PUNJAB",0.04010
2002-05,"DELHI, NEW DELHI",0.04046
2002-05,"GURGAON, HARYANA",0.04061
2002-05,"HARDOI, UTTAR PRADESH",0.04067
2002-05,"PANIPAT, HARYANA",0.04097
2010-10,"JAISALMER, RAJASTHAN",0.14920
2010-10,"GANGANAGAR, RAJASTHAN",0.15834
2010-10,"BIKANER, RAJASTHAN",0.16325
2010-10,"BARMER, RAJASTHAN",0.16436
2010-10,"JODHPUR, RAJASTHAN",0.19522
2010-10,"CHURU, RAJASTHAN",0.19770
2010-10,"JALORE, RAJASTHAN",0.20524
2010-10,"SIKAR, RAJASTHAN",0.21914
2010-10,"BHIWANI, HARYANA",0.22355
2010-10,"MAHENDRAGARH, HARYANA",0.22496
2004-09,"LADAKH, LADAKH",0.06600
2004-09,"KARGIL, JAMMU AND KASHMIR",0.12901
2004-09,"GANGANAGAR, RAJASTHAN",0.14527
2004-09,"UDHAMPUR, JAMMU AND KASHMIR",0.15876
2004-09,"MANDI, HIMACHAL PRADESH",0.16829
2004-09,"FARIDKOT, PUNJAB",0.17122
2004-09,"JAMMU, JAMMU AND KASHMIR",0.17525
2004-09,"AMRITSAR, PUNJAB",0.17751
2004-09,"BHIWANI, HARYANA",0.18057
2004-09,"CHURU, RAJASTHAN",0.18162
2009-06,"GANGANAGAR, RAJASTHAN",0.05078
2009-06,"BHIWANI, HARYANA",0.06519
2009-06,"HARDOI, UTTAR PRADESH",0.06583
2009-06,"KAITHAL, HARYANA",0.06623
2009-06,"ALIGARH, UTTAR PRADESH",0.06643
2009-06,"BUDAUN, UTTAR PRADESH",0.06676
2009-06,"MAHENDRAGARH, HARYANA",0.06684
2009-06,"BULANDSHAHR, UTTAR PRADESH",0.06690
2009-06,"ETAH, UTTAR PRADESH",0.06710
2009-06,"KURUKSHTRA, HARYANA",0.06741
2013-04,"BIKANER, RAJASTHAN",0.07123
2013-04,"MADHUBANI, BIHAR",0.07390
2013-04,"CHAMPARAN.WEST, BIHAR",0.07460
2013-04,"SOUTHSIKKIM, SIKKIM",0.07578
2013-04,"CHURU, RAJASTHAN",0.07654
2013-04,"SITAMARHI, BIHAR",0.07896
2013-04,"DARBHANGA, BIHAR",0.08148
2013-04,"NAINITAL, UTTARAKHAND",0.08514
2013-04,"SIKAR, RAJASTHAN",0.08699
2013-04,"KHUSHINAGAR, UTTAR PRADESH",0.08769
2012-03,"BARMER, RAJASTHAN",0.03502
2012-03,"JALORE, RAJASTHAN",0.03971
2012-03,"SIROHI, RAJASTHAN",0.04806
2012-03,"NEEMUCH, MADHAYA PRADESH",0.05205
2012-03,"PALI, RAJASTHAN",0.05221
2012-03,"JAISALMER, RAJASTHAN",0.05292
2012-03,"RAJASMAND, RAJASTHAN",0.05390
2012-03,"CHITTORGARH, RAJASTHAN",0.05444
2012-03,"HINGOLI, MAHARASHTRA",0.05502
2012-03,"UDAIPUR, RAJASTHAN",0.05775
2007-04,"SAHEBGANJ, JHARKHAND",0.07608
2007-04,"TONK, RAJASTHAN",0.07724
2007-04,"KAIRA/KHEDA, GUJARAT",0.07736
2007-04,"BUNDI, RAJASTHAN",0.07888
2007-04,"DHULIA, MAHARASHTRA",0.07914
2007-04,"AKOLA, MAHARASHTRA",0.07937
2007-04,"JALNA, MAHARASHTRA",0.07960
2007-04,"HINGOLI, MAHARASHTRA",0.08000
2007-04,"WASHIM, MAHARASHTRA",0.08086
2007-04,"BHARATPUR, RAJASTHAN",0.08106
2008-03,"BARMER, RAJASTHAN",0.06605
2008-03,"ALMORA, UTTARAKHAND",0.07422
2008-03,"BANASKANTHA, GUJARAT",0.07629
2008-03,"PATAN, GUJARAT",0.08200
2008-03,"ALIGARH, UTTAR PRADESH",0.08250
2008-03,"JALORE, RAJASTHAN",0.08300
2008-03,"ETAH, UTTAR PRADESH",0.08424
2008-03,"NAINITAL, UTTARAKHAND",0.08612
2008-03,"SIROHI, RAJASTHAN",0.08623
2008-03,"MAHAMAYA NAGA, UTTAR PRADESH",0.08939
2009-02,"GULBARGA, KARNATAKA",0.12669
2009-02,"RANGAREDDY, TELANGANA",0.13095
2009-02,"HYDERABAD, TELANGANA",0.13292
2009-02,"OSMANABAD, MAHARASHTRA",0.13411
2009-02,"BIDAR, KARNATAKA",0.13411
2009-02,"LATUR, MAHARASHTRA",0.13643
2009-02,"SHOLAPUR, MAHARASHTRA",0.13705
2009-02,"BIJAPUR, KARNATAKA",0.14210
2009-02,"NANDED, MAHARASHTRA",0.15029
2009-02,"MEDAK, TELANGANA",0.15136
2008-10,"BARMER, RAJASTHAN",0.14063
2008-10,"JALORE, RAJASTHAN",0.14214
2008-10,"JAISALMER, RAJASTHAN",0.15062
2008-10,"GANGANAGAR, RAJASTHAN",0.15171
2008-10,"BIKANER, RAJASTHAN",0.16176
2008-10,"CHURU, RAJASTHAN",0.16278
2008-10,"SIROHI, RAJASTHAN",0.17276
2008-10,"NAGOUR, RAJASTHAN",0.17577
2008-10,"JODHPUR, RAJASTHAN",0.17658
2008-10,"BHILWARA, RAJASTHAN",0.17897
2004-07,"JAMMU, JAMMU AND KASHMIR",0.14333
2004-07,"GANGANAGAR, RAJASTHAN",0.15070
2004-07,"AMRITSAR, PUNJAB",0.15365
2004-07,"FARIDKOT, PUNJAB",0.15372
2004-07,"UDHAMPUR, JAMMU AND KASHMIR",0.16017
2004-07,"KATHUA, JAMMU AND KASHMIR",0.16271
2004-07,"CHURU, RAJASTHAN",0.16404
2004-07,"SANGRUR, PUNJAB",0.16624
2004-07,"CHANDIGARH, CHANDIGARH",0.16779
2004-07,"JULLUNDAR, PUNJAB",0.16864
2006-06,"AMRITSAR, PUNJAB",0.07639
2006-06,"JAMMU, JAMMU AND KASHMIR",0.07746
2006-06,"KAPURTHALA, PUNJAB",0.07850
2006-06,"CHANDIGARH, CHANDIGARH",0.08404
2006-06,"JULLUNDAR, PUNJAB",0.08444
2006-06,"FARIDKOT, PUNJAB",0.08469
2006-06,"GURDASPUR, PUNJAB",0.08659
2006-06,"SANGRUR, PUNJAB",0.08937
2006-06,"SOLAN, HIMACHAL PRADESH",0.08951
2006-06,"KATHUA, JAMMU AND KASHMIR",0.09211
